tp_openmp_part_2_vector_openmp,1,2,1,0.000639
tp_openmp_part_2_vector_sequential,1,2,1,7e-06
tp_openmp_part_2_vector_simd,1,2,1,0.000108
tp_openmp_part_2_vector_openmp,1,2,1,0.000619
tp_openmp_part_2_vector_sequential,1,2,1,3e-06
tp_openmp_part_2_vector_simd,1,2,1,9.7e-05
tp_openmp_part_2_vector_openmp,1,2,1,0.000627
tp_openmp_part_2_vector_sequential,1,2,1,5e-06
tp_openmp_part_2_vector_simd,1,2,1,0.000123
tp_openmp_part_2_vector_openmp,1,2,1,0.000643
tp_openmp_part_2_vector_sequential,1,2,1,5e-06
tp_openmp_part_2_vector_simd,1,2,1,0.000124
tp_openmp_part_2_vector_openmp,1,2,1,0.000628
tp_openmp_part_2_vector_sequential,1,2,1,3e-06
tp_openmp_part_2_vector_simd,1,2,1,0.000105
tp_openmp_part_2_vector_openmp,1,2,1,0.000667
tp_openmp_part_2_vector_sequential,1,2,1,2e-06
tp_openmp_part_2_vector_simd,1,2,1,9.8e-05
tp_openmp_part_2_vector_openmp,1,2,1,0.000626
tp_openmp_part_2_vector_sequential,1,2,1,4e-06
tp_openmp_part_2_vector_simd,1,2,1,9.3e-05
tp_openmp_part_2_vector_openmp,1,2,1,0.000641
tp_openmp_part_2_vector_sequential,1,2,1,3e-06
tp_openmp_part_2_vector_simd,1,2,1,0.000105
tp_openmp_part_2_vector_openmp,1,2,1,0.000857
tp_openmp_part_2_vector_sequential,1,2,1,2e-06
tp_openmp_part_2_vector_simd,1,2,1,0.000128
tp_openmp_part_2_vector_openmp,1,2,1,0.000623
tp_openmp_part_2_vector_sequential,1,2,1,4e-06
tp_openmp_part_2_vector_simd,1,2,1,9.3e-05
tp_openmp_part_2_vector_openmp,2,2,1,0.008081
tp_openmp_part_2_vector_sequential,2,2,1,6e-06
tp_openmp_part_2_vector_simd,2,2,1,0.000207
tp_openmp_part_2_vector_openmp,2,2,1,0.007238
tp_openmp_part_2_vector_sequential,2,2,1,3e-06
tp_openmp_part_2_vector_simd,2,2,1,0.000264
tp_openmp_part_2_vector_openmp,2,2,1,0.07002
tp_openmp_part_2_vector_sequential,2,2,1,7e-06
tp_openmp_part_2_vector_simd,2,2,1,0.000215
tp_openmp_part_2_vector_openmp,2,2,1,0.000808
tp_openmp_part_2_vector_sequential,2,2,1,3e-06
tp_openmp_part_2_vector_simd,2,2,1,0.000205
tp_openmp_part_2_vector_openmp,2,2,1,0.000578
tp_openmp_part_2_vector_sequential,2,2,1,2e-06
tp_openmp_part_2_vector_simd,2,2,1,0.000203
tp_openmp_part_2_vector_openmp,2,2,1,0.000541
tp_openmp_part_2_vector_sequential,2,2,1,4e-06
tp_openmp_part_2_vector_simd,2,2,1,0.000201
tp_openmp_part_2_vector_openmp,2,2,1,0.000543
tp_openmp_part_2_vector_sequential,2,2,1,3e-06
tp_openmp_part_2_vector_simd,2,2,1,0.013772
tp_openmp_part_2_vector_openmp,2,2,1,0.000568
tp_openmp_part_2_vector_sequential,2,2,1,3e-06
tp_openmp_part_2_vector_simd,2,2,1,0.019641
tp_openmp_part_2_vector_openmp,2,2,1,0.00057
tp_openmp_part_2_vector_sequential,2,2,1,2e-06
tp_openmp_part_2_vector_simd,2,2,1,0.000206
tp_openmp_part_2_vector_openmp,2,2,1,0.000538
tp_openmp_part_2_vector_sequential,2,2,1,3e-06
tp_openmp_part_2_vector_simd,2,2,1,0.000202
tp_openmp_part_2_vector_openmp,4,2,1,0.202033
tp_openmp_part_2_vector_sequential,4,2,1,6e-06
tp_openmp_part_2_vector_simd,4,2,1,0.033993
tp_openmp_part_2_vector_openmp,4,2,1,0.003719
tp_openmp_part_2_vector_sequential,4,2,1,3e-06
tp_openmp_part_2_vector_simd,4,2,1,0.09765
tp_openmp_part_2_vector_openmp,4,2,1,0.006016
tp_openmp_part_2_vector_sequential,4,2,1,3e-06
tp_openmp_part_2_vector_simd,4,2,1,0.034696
tp_openmp_part_2_vector_openmp,4,2,1,0.044517
tp_openmp_part_2_vector_sequential,4,2,1,5e-06
tp_openmp_part_2_vector_simd,4,2,1,0.017296
tp_openmp_part_2_vector_openmp,4,2,1,0.487864
tp_openmp_part_2_vector_sequential,4,2,1,5e-06
tp_openmp_part_2_vector_simd,4,2,1,0.000827
tp_openmp_part_2_vector_openmp,4,2,1,0.02006
tp_openmp_part_2_vector_sequential,4,2,1,7e-06
tp_openmp_part_2_vector_simd,4,2,1,0.38045
tp_openmp_part_2_vector_openmp,4,2,1,0.016295
tp_openmp_part_2_vector_sequential,4,2,1,3e-06
tp_openmp_part_2_vector_simd,4,2,1,0.026526
tp_openmp_part_2_vector_openmp,4,2,1,0.036209
tp_openmp_part_2_vector_sequential,4,2,1,3e-06
tp_openmp_part_2_vector_simd,4,2,1,0.011432
tp_openmp_part_2_vector_openmp,4,2,1,0.003372
tp_openmp_part_2_vector_sequential,4,2,1,5e-06
tp_openmp_part_2_vector_simd,4,2,1,0.213412
tp_openmp_part_2_vector_openmp,4,2,1,0.171
tp_openmp_part_2_vector_sequential,4,2,1,8e-06
tp_openmp_part_2_vector_simd,4,2,1,0.059603
tp_openmp_part_2_vector_openmp,8,2,1,0.0154
tp_openmp_part_2_vector_sequential,8,2,1,3e-06
tp_openmp_part_2_vector_simd,8,2,1,0.020264
tp_openmp_part_2_vector_openmp,8,2,1,0.005078
tp_openmp_part_2_vector_sequential,8,2,1,6e-06
tp_openmp_part_2_vector_simd,8,2,1,0.021221
tp_openmp_part_2_vector_openmp,8,2,1,0.012709
tp_openmp_part_2_vector_sequential,8,2,1,4e-06
tp_openmp_part_2_vector_simd,8,2,1,0.019087
tp_openmp_part_2_vector_openmp,8,2,1,0.007279
tp_openmp_part_2_vector_sequential,8,2,1,3e-06
tp_openmp_part_2_vector_simd,8,2,1,0.007854
tp_openmp_part_2_vector_openmp,8,2,1,0.008365
tp_openmp_part_2_vector_sequential,8,2,1,6e-06
tp_openmp_part_2_vector_simd,8,2,1,0.004598
tp_openmp_part_2_vector_openmp,8,2,1,0.02934
tp_openmp_part_2_vector_sequential,8,2,1,4e-06
tp_openmp_part_2_vector_simd,8,2,1,0.025715
tp_openmp_part_2_vector_openmp,8,2,1,0.022881
tp_openmp_part_2_vector_sequential,8,2,1,6e-06
tp_openmp_part_2_vector_simd,8,2,1,0.021243
tp_openmp_part_2_vector_openmp,8,2,1,0.021794
tp_openmp_part_2_vector_sequential,8,2,1,4e-06
tp_openmp_part_2_vector_simd,8,2,1,0.028626
tp_openmp_part_2_vector_openmp,8,2,1,0.022696
tp_openmp_part_2_vector_sequential,8,2,1,5e-06
tp_openmp_part_2_vector_simd,8,2,1,0.015304
tp_openmp_part_2_vector_openmp,8,2,1,0.034054
tp_openmp_part_2_vector_sequential,8,2,1,4e-06
tp_openmp_part_2_vector_simd,8,2,1,0.010062
tp_openmp_part_2_vector_openmp,16,2,1,0.027566
tp_openmp_part_2_vector_sequential,16,2,1,6e-06
tp_openmp_part_2_vector_simd,16,2,1,0.037245
tp_openmp_part_2_vector_openmp,16,2,1,0.036111
tp_openmp_part_2_vector_sequential,16,2,1,6e-06
tp_openmp_part_2_vector_simd,16,2,1,0.031785
tp_openmp_part_2_vector_openmp,16,2,1,0.03112
tp_openmp_part_2_vector_sequential,16,2,1,5e-06
tp_openmp_part_2_vector_simd,16,2,1,0.030165
tp_openmp_part_2_vector_openmp,16,2,1,0.022753
tp_openmp_part_2_vector_sequential,16,2,1,5e-06
tp_openmp_part_2_vector_simd,16,2,1,0.012204
tp_openmp_part_2_vector_openmp,16,2,1,0.025621
tp_openmp_part_2_vector_sequential,16,2,1,3e-06
tp_openmp_part_2_vector_simd,16,2,1,0.037767
tp_openmp_part_2_vector_openmp,16,2,1,0.028194
tp_openmp_part_2_vector_sequential,16,2,1,4e-06
tp_openmp_part_2_vector_simd,16,2,1,0.019905
tp_openmp_part_2_vector_openmp,16,2,1,0.019088
tp_openmp_part_2_vector_sequential,16,2,1,7e-06
tp_openmp_part_2_vector_simd,16,2,1,0.016321
tp_openmp_part_2_vector_openmp,16,2,1,0.035296
tp_openmp_part_2_vector_sequential,16,2,1,3e-06
tp_openmp_part_2_vector_simd,16,2,1,0.027839
tp_openmp_part_2_vector_openmp,16,2,1,0.03335
tp_openmp_part_2_vector_sequential,16,2,1,4e-06
tp_openmp_part_2_vector_simd,16,2,1,0.030024
tp_openmp_part_2_vector_openmp,16,2,1,0.019003
tp_openmp_part_2_vector_sequential,16,2,1,5e-06
tp_openmp_part_2_vector_simd,16,2,1,0.021681
tp_openmp_part_2_vector_openmp,32,2,1,0.038968
tp_openmp_part_2_vector_sequential,32,2,1,4e-06
tp_openmp_part_2_vector_simd,32,2,1,0.026709
tp_openmp_part_2_vector_openmp,32,2,1,0.034395
tp_openmp_part_2_vector_sequential,32,2,1,5e-06
tp_openmp_part_2_vector_simd,32,2,1,0.044509
tp_openmp_part_2_vector_openmp,32,2,1,0.035751
tp_openmp_part_2_vector_sequential,32,2,1,4e-06
tp_openmp_part_2_vector_simd,32,2,1,0.034624
tp_openmp_part_2_vector_openmp,32,2,1,0.04518
tp_openmp_part_2_vector_sequential,32,2,1,3e-06
tp_openmp_part_2_vector_simd,32,2,1,0.053164
tp_openmp_part_2_vector_openmp,32,2,1,0.038872
tp_openmp_part_2_vector_sequential,32,2,1,3e-06
tp_openmp_part_2_vector_simd,32,2,1,0.050692
tp_openmp_part_2_vector_openmp,32,2,1,0.032704
tp_openmp_part_2_vector_sequential,32,2,1,6e-06
tp_openmp_part_2_vector_simd,32,2,1,0.021719
tp_openmp_part_2_vector_openmp,32,2,1,0.032604
tp_openmp_part_2_vector_sequential,32,2,1,3e-06
tp_openmp_part_2_vector_simd,32,2,1,0.036705
tp_openmp_part_2_vector_openmp,32,2,1,0.038505
tp_openmp_part_2_vector_sequential,32,2,1,6e-06
tp_openmp_part_2_vector_simd,32,2,1,0.037893
tp_openmp_part_2_vector_openmp,32,2,1,0.042716
tp_openmp_part_2_vector_sequential,32,2,1,4e-06
tp_openmp_part_2_vector_simd,32,2,1,0.040865
tp_openmp_part_2_vector_openmp,32,2,1,0.028716
tp_openmp_part_2_vector_sequential,32,2,1,4e-06
tp_openmp_part_2_vector_simd,32,2,1,0.034887
tp_openmp_part_2_vector_openmp,64,2,1,0.04817
tp_openmp_part_2_vector_sequential,64,2,1,4e-06
tp_openmp_part_2_vector_simd,64,2,1,0.040459
tp_openmp_part_2_vector_openmp,64,2,1,0.037255
tp_openmp_part_2_vector_sequential,64,2,1,5e-06
tp_openmp_part_2_vector_simd,64,2,1,0.06128
tp_openmp_part_2_vector_openmp,64,2,1,0.059224
tp_openmp_part_2_vector_sequential,64,2,1,4e-06
tp_openmp_part_2_vector_simd,64,2,1,0.045429
tp_openmp_part_2_vector_openmp,64,2,1,0.044598
tp_openmp_part_2_vector_sequential,64,2,1,4e-06
tp_openmp_part_2_vector_simd,64,2,1,0.061836
tp_openmp_part_2_vector_openmp,64,2,1,0.051949
tp_openmp_part_2_vector_sequential,64,2,1,4e-06
tp_openmp_part_2_vector_simd,64,2,1,0.047016
tp_openmp_part_2_vector_openmp,64,2,1,0.048963
tp_openmp_part_2_vector_sequential,64,2,1,5e-06
tp_openmp_part_2_vector_simd,64,2,1,0.068787
tp_openmp_part_2_vector_openmp,64,2,1,0.058117
tp_openmp_part_2_vector_sequential,64,2,1,5e-06
tp_openmp_part_2_vector_simd,64,2,1,0.065335
tp_openmp_part_2_vector_openmp,64,2,1,0.064627
tp_openmp_part_2_vector_sequential,64,2,1,4e-06
tp_openmp_part_2_vector_simd,64,2,1,0.049099
tp_openmp_part_2_vector_openmp,64,2,1,0.0615
tp_openmp_part_2_vector_sequential,64,2,1,6e-06
tp_openmp_part_2_vector_simd,64,2,1,0.03348
tp_openmp_part_2_vector_openmp,64,2,1,0.044957
tp_openmp_part_2_vector_sequential,64,2,1,5e-06
tp_openmp_part_2_vector_simd,64,2,1,0.055569
tp_openmp_part_2_vector_openmp,1,2,3,0.000631
tp_openmp_part_2_vector_sequential,1,2,3,5e-06
tp_openmp_part_2_vector_simd,1,2,3,0.000104
tp_openmp_part_2_vector_openmp,1,2,3,0.000676
tp_openmp_part_2_vector_sequential,1,2,3,3e-06
tp_openmp_part_2_vector_simd,1,2,3,9.5e-05
tp_openmp_part_2_vector_openmp,1,2,3,0.000629
tp_openmp_part_2_vector_sequential,1,2,3,5e-06
tp_openmp_part_2_vector_simd,1,2,3,9.3e-05
tp_openmp_part_2_vector_openmp,1,2,3,0.000659
tp_openmp_part_2_vector_sequential,1,2,3,3e-06
tp_openmp_part_2_vector_simd,1,2,3,9.3e-05
tp_openmp_part_2_vector_openmp,1,2,3,0.000695
tp_openmp_part_2_vector_sequential,1,2,3,3e-06
tp_openmp_part_2_vector_simd,1,2,3,9.4e-05
tp_openmp_part_2_vector_openmp,1,2,3,0.000638
tp_openmp_part_2_vector_sequential,1,2,3,5e-06
tp_openmp_part_2_vector_simd,1,2,3,9.5e-05
tp_openmp_part_2_vector_openmp,1,2,3,0.000684
tp_openmp_part_2_vector_sequential,1,2,3,5e-06
tp_openmp_part_2_vector_simd,1,2,3,9e-05
tp_openmp_part_2_vector_openmp,1,2,3,0.000628
tp_openmp_part_2_vector_sequential,1,2,3,3e-06
tp_openmp_part_2_vector_simd,1,2,3,9.3e-05
tp_openmp_part_2_vector_openmp,1,2,3,0.000641
tp_openmp_part_2_vector_sequential,1,2,3,3e-06
tp_openmp_part_2_vector_simd,1,2,3,9.5e-05
tp_openmp_part_2_vector_openmp,1,2,3,0.010019
tp_openmp_part_2_vector_sequential,1,2,3,5e-06
tp_openmp_part_2_vector_simd,1,2,3,9.5e-05
tp_openmp_part_2_vector_openmp,2,2,3,0.009248
tp_openmp_part_2_vector_sequential,2,2,3,6e-06
tp_openmp_part_2_vector_simd,2,2,3,0.017218
tp_openmp_part_2_vector_openmp,2,2,3,0.004212
tp_openmp_part_2_vector_sequential,2,2,3,6e-06
tp_openmp_part_2_vector_simd,2,2,3,0.020191
tp_openmp_part_2_vector_openmp,2,2,3,0.016201
tp_openmp_part_2_vector_sequential,2,2,3,3e-06
tp_openmp_part_2_vector_simd,2,2,3,0.000296
tp_openmp_part_2_vector_openmp,2,2,3,0.000594
tp_openmp_part_2_vector_sequential,2,2,3,3e-06
tp_openmp_part_2_vector_simd,2,2,3,0.003587
tp_openmp_part_2_vector_openmp,2,2,3,0.001298
tp_openmp_part_2_vector_sequential,2,2,3,3e-06
tp_openmp_part_2_vector_simd,2,2,3,0.000248
tp_openmp_part_2_vector_openmp,2,2,3,0.000601
tp_openmp_part_2_vector_sequential,2,2,3,8e-06
tp_openmp_part_2_vector_simd,2,2,3,0.000223
tp_openmp_part_2_vector_openmp,2,2,3,0.000561
tp_openmp_part_2_vector_sequential,2,2,3,6e-06
tp_openmp_part_2_vector_simd,2,2,3,0.005508
tp_openmp_part_2_vector_openmp,2,2,3,0.063433
tp_openmp_part_2_vector_sequential,2,2,3,9e-06
tp_openmp_part_2_vector_simd,2,2,3,0.000211
tp_openmp_part_2_vector_openmp,2,2,3,0.000619
tp_openmp_part_2_vector_sequential,2,2,3,3e-06
tp_openmp_part_2_vector_simd,2,2,3,0.000217
tp_openmp_part_2_vector_openmp,2,2,3,0.000563
tp_openmp_part_2_vector_sequential,2,2,3,5e-06
tp_openmp_part_2_vector_simd,2,2,3,0.000246
tp_openmp_part_2_vector_openmp,4,2,3,0.234577
tp_openmp_part_2_vector_sequential,4,2,3,4e-06
tp_openmp_part_2_vector_simd,4,2,3,0.023121
tp_openmp_part_2_vector_openmp,4,2,3,0.048459
tp_openmp_part_2_vector_sequential,4,2,3,4e-06
tp_openmp_part_2_vector_simd,4,2,3,0.038688
tp_openmp_part_2_vector_openmp,4,2,3,0.212842
tp_openmp_part_2_vector_sequential,4,2,3,4e-06
tp_openmp_part_2_vector_simd,4,2,3,0.239088
tp_openmp_part_2_vector_openmp,4,2,3,0.020403
tp_openmp_part_2_vector_sequential,4,2,3,6e-06
tp_openmp_part_2_vector_simd,4,2,3,0.231901
tp_openmp_part_2_vector_openmp,4,2,3,0.07004
tp_openmp_part_2_vector_sequential,4,2,3,6e-06
tp_openmp_part_2_vector_simd,4,2,3,0.195006
tp_openmp_part_2_vector_openmp,4,2,3,0.021478
tp_openmp_part_2_vector_sequential,4,2,3,4e-06
tp_openmp_part_2_vector_simd,4,2,3,0.467056
tp_openmp_part_2_vector_openmp,4,2,3,0.024768
tp_openmp_part_2_vector_sequential,4,2,3,4e-06
tp_openmp_part_2_vector_simd,4,2,3,0.009737
tp_openmp_part_2_vector_openmp,4,2,3,0.012801
tp_openmp_part_2_vector_sequential,4,2,3,6e-06
tp_openmp_part_2_vector_simd,4,2,3,0.023453
tp_openmp_part_2_vector_openmp,4,2,3,0.017909
tp_openmp_part_2_vector_sequential,4,2,3,6e-06
tp_openmp_part_2_vector_simd,4,2,3,0.008208
tp_openmp_part_2_vector_openmp,4,2,3,0.031573
tp_openmp_part_2_vector_sequential,4,2,3,6e-06
tp_openmp_part_2_vector_simd,4,2,3,0.056611
tp_openmp_part_2_vector_openmp,8,2,3,0.024161
tp_openmp_part_2_vector_sequential,8,2,3,4e-06
tp_openmp_part_2_vector_simd,8,2,3,0.019214
tp_openmp_part_2_vector_openmp,8,2,3,0.015814
tp_openmp_part_2_vector_sequential,8,2,3,7e-06
tp_openmp_part_2_vector_simd,8,2,3,0.028249
tp_openmp_part_2_vector_openmp,8,2,3,0.02847
tp_openmp_part_2_vector_sequential,8,2,3,3e-06
tp_openmp_part_2_vector_simd,8,2,3,0.032298
tp_openmp_part_2_vector_openmp,8,2,3,0.017491
tp_openmp_part_2_vector_sequential,8,2,3,8e-06
tp_openmp_part_2_vector_simd,8,2,3,0.02291
tp_openmp_part_2_vector_openmp,8,2,3,0.004932
tp_openmp_part_2_vector_sequential,8,2,3,6e-06
tp_openmp_part_2_vector_simd,8,2,3,0.014648
tp_openmp_part_2_vector_openmp,8,2,3,0.026826
tp_openmp_part_2_vector_sequential,8,2,3,7e-06
tp_openmp_part_2_vector_simd,8,2,3,0.00638
tp_openmp_part_2_vector_openmp,8,2,3,0.010933
tp_openmp_part_2_vector_sequential,8,2,3,6e-06
tp_openmp_part_2_vector_simd,8,2,3,0.026686
tp_openmp_part_2_vector_openmp,8,2,3,0.02926
tp_openmp_part_2_vector_sequential,8,2,3,4e-06
tp_openmp_part_2_vector_simd,8,2,3,0.014811
tp_openmp_part_2_vector_openmp,8,2,3,0.023279
tp_openmp_part_2_vector_sequential,8,2,3,5e-06
tp_openmp_part_2_vector_simd,8,2,3,0.005323
tp_openmp_part_2_vector_openmp,8,2,3,0.029407
tp_openmp_part_2_vector_sequential,8,2,3,4e-06
tp_openmp_part_2_vector_simd,8,2,3,0.017655
tp_openmp_part_2_vector_openmp,16,2,3,0.032455
tp_openmp_part_2_vector_sequential,16,2,3,6e-06
tp_openmp_part_2_vector_simd,16,2,3,0.031766
tp_openmp_part_2_vector_openmp,16,2,3,0.020598
tp_openmp_part_2_vector_sequential,16,2,3,6e-06
tp_openmp_part_2_vector_simd,16,2,3,0.02882
tp_openmp_part_2_vector_openmp,16,2,3,0.016057
tp_openmp_part_2_vector_sequential,16,2,3,7e-06
tp_openmp_part_2_vector_simd,16,2,3,0.014551
tp_openmp_part_2_vector_openmp,16,2,3,0.02043
tp_openmp_part_2_vector_sequential,16,2,3,4e-06
tp_openmp_part_2_vector_simd,16,2,3,0.023117
tp_openmp_part_2_vector_openmp,16,2,3,0.027447
tp_openmp_part_2_vector_sequential,16,2,3,5e-06
tp_openmp_part_2_vector_simd,16,2,3,0.018401
tp_openmp_part_2_vector_openmp,16,2,3,0.035048
tp_openmp_part_2_vector_sequential,16,2,3,9e-06
tp_openmp_part_2_vector_simd,16,2,3,0.023558
tp_openmp_part_2_vector_openmp,16,2,3,0.031889
tp_openmp_part_2_vector_sequential,16,2,3,5e-06
tp_openmp_part_2_vector_simd,16,2,3,0.031785
tp_openmp_part_2_vector_openmp,16,2,3,0.017501
tp_openmp_part_2_vector_sequential,16,2,3,7e-06
tp_openmp_part_2_vector_simd,16,2,3,0.02417
tp_openmp_part_2_vector_openmp,16,2,3,0.023465
tp_openmp_part_2_vector_sequential,16,2,3,9e-06
tp_openmp_part_2_vector_simd,16,2,3,0.020586
tp_openmp_part_2_vector_openmp,16,2,3,0.035191
tp_openmp_part_2_vector_sequential,16,2,3,7e-06
tp_openmp_part_2_vector_simd,16,2,3,0.017851
tp_openmp_part_2_vector_openmp,32,2,3,0.037564
tp_openmp_part_2_vector_sequential,32,2,3,4e-06
tp_openmp_part_2_vector_simd,32,2,3,0.028169
tp_openmp_part_2_vector_openmp,32,2,3,0.026402
tp_openmp_part_2_vector_sequential,32,2,3,6e-06
tp_openmp_part_2_vector_simd,32,2,3,0.046657
tp_openmp_part_2_vector_openmp,32,2,3,0.030848
tp_openmp_part_2_vector_sequential,32,2,3,6e-06
tp_openmp_part_2_vector_simd,32,2,3,0.037109
tp_openmp_part_2_vector_openmp,32,2,3,0.03795
tp_openmp_part_2_vector_sequential,32,2,3,6e-06
tp_openmp_part_2_vector_simd,32,2,3,0.039856
tp_openmp_part_2_vector_openmp,32,2,3,0.034772
tp_openmp_part_2_vector_sequential,32,2,3,4e-06
tp_openmp_part_2_vector_simd,32,2,3,0.036009
tp_openmp_part_2_vector_openmp,32,2,3,0.039298
tp_openmp_part_2_vector_sequential,32,2,3,4e-06
tp_openmp_part_2_vector_simd,32,2,3,0.035349
tp_openmp_part_2_vector_openmp,32,2,3,0.035456
tp_openmp_part_2_vector_sequential,32,2,3,6e-06
tp_openmp_part_2_vector_simd,32,2,3,0.046539
tp_openmp_part_2_vector_openmp,32,2,3,0.031629
tp_openmp_part_2_vector_sequential,32,2,3,6e-06
tp_openmp_part_2_vector_simd,32,2,3,0.046939
tp_openmp_part_2_vector_openmp,32,2,3,0.052017
tp_openmp_part_2_vector_sequential,32,2,3,5e-06
tp_openmp_part_2_vector_simd,32,2,3,0.033951
tp_openmp_part_2_vector_openmp,32,2,3,0.028836
tp_openmp_part_2_vector_sequential,32,2,3,9e-06
tp_openmp_part_2_vector_simd,32,2,3,0.024695
tp_openmp_part_2_vector_openmp,64,2,3,0.076946
tp_openmp_part_2_vector_sequential,64,2,3,6e-06
tp_openmp_part_2_vector_simd,64,2,3,0.049764
tp_openmp_part_2_vector_openmp,64,2,3,0.045308
tp_openmp_part_2_vector_sequential,64,2,3,7e-06
tp_openmp_part_2_vector_simd,64,2,3,0.04448
tp_openmp_part_2_vector_openmp,64,2,3,0.053117
tp_openmp_part_2_vector_sequential,64,2,3,6e-06
tp_openmp_part_2_vector_simd,64,2,3,0.05988
tp_openmp_part_2_vector_openmp,64,2,3,0.051778
tp_openmp_part_2_vector_sequential,64,2,3,6e-06
tp_openmp_part_2_vector_simd,64,2,3,0.055732
tp_openmp_part_2_vector_openmp,64,2,3,0.04959
tp_openmp_part_2_vector_sequential,64,2,3,5e-06
tp_openmp_part_2_vector_simd,64,2,3,0.048129
tp_openmp_part_2_vector_openmp,64,2,3,0.063268
tp_openmp_part_2_vector_sequential,64,2,3,5e-06
tp_openmp_part_2_vector_simd,64,2,3,0.058937
tp_openmp_part_2_vector_openmp,64,2,3,0.05339
tp_openmp_part_2_vector_sequential,64,2,3,1e-05
tp_openmp_part_2_vector_simd,64,2,3,0.055897
tp_openmp_part_2_vector_openmp,64,2,3,0.042838
tp_openmp_part_2_vector_sequential,64,2,3,7e-06
tp_openmp_part_2_vector_simd,64,2,3,0.047028
tp_openmp_part_2_vector_openmp,64,2,3,0.050782
tp_openmp_part_2_vector_sequential,64,2,3,4e-06
tp_openmp_part_2_vector_simd,64,2,3,0.042357
tp_openmp_part_2_vector_openmp,64,2,3,0.056474
tp_openmp_part_2_vector_sequential,64,2,3,6e-06
tp_openmp_part_2_vector_simd,64,2,3,0.040169
tp_openmp_part_2_vector_openmp,1,2,7,0.000893
tp_openmp_part_2_vector_sequential,1,2,7,3.8e-05
tp_openmp_part_2_vector_simd,1,2,7,0.000107
tp_openmp_part_2_vector_openmp,1,2,7,0.000673
tp_openmp_part_2_vector_sequential,1,2,7,3.9e-05
tp_openmp_part_2_vector_simd,1,2,7,0.000117
tp_openmp_part_2_vector_openmp,1,2,7,0.000723
tp_openmp_part_2_vector_sequential,1,2,7,3.7e-05
tp_openmp_part_2_vector_simd,1,2,7,0.000103
tp_openmp_part_2_vector_openmp,1,2,7,0.000722
tp_openmp_part_2_vector_sequential,1,2,7,3.6e-05
tp_openmp_part_2_vector_simd,1,2,7,0.000102
tp_openmp_part_2_vector_openmp,1,2,7,0.000741
tp_openmp_part_2_vector_sequential,1,2,7,3.7e-05
tp_openmp_part_2_vector_simd,1,2,7,0.0001
tp_openmp_part_2_vector_openmp,1,2,7,0.000705
tp_openmp_part_2_vector_sequential,1,2,7,4.4e-05
tp_openmp_part_2_vector_simd,1,2,7,0.000105
tp_openmp_part_2_vector_openmp,1,2,7,0.000762
tp_openmp_part_2_vector_sequential,1,2,7,3.7e-05
tp_openmp_part_2_vector_simd,1,2,7,0.0001
tp_openmp_part_2_vector_openmp,1,2,7,0.000684
tp_openmp_part_2_vector_sequential,1,2,7,3.7e-05
tp_openmp_part_2_vector_simd,1,2,7,0.000104
tp_openmp_part_2_vector_openmp,1,2,7,0.000671
tp_openmp_part_2_vector_sequential,1,2,7,3.9e-05
tp_openmp_part_2_vector_simd,1,2,7,0.000105
tp_openmp_part_2_vector_openmp,1,2,7,0.000672
tp_openmp_part_2_vector_sequential,1,2,7,3.9e-05
tp_openmp_part_2_vector_simd,1,2,7,0.000115
tp_openmp_part_2_vector_openmp,2,2,7,0.00063
tp_openmp_part_2_vector_sequential,2,2,7,3.8e-05
tp_openmp_part_2_vector_simd,2,2,7,0.019248
tp_openmp_part_2_vector_openmp,2,2,7,0.000595
tp_openmp_part_2_vector_sequential,2,2,7,4e-05
tp_openmp_part_2_vector_simd,2,2,7,0.000209
tp_openmp_part_2_vector_openmp,2,2,7,0.002435
tp_openmp_part_2_vector_sequential,2,2,7,3.9e-05
tp_openmp_part_2_vector_simd,2,2,7,0.000256
tp_openmp_part_2_vector_openmp,2,2,7,0.007706
tp_openmp_part_2_vector_sequential,2,2,7,4e-05
tp_openmp_part_2_vector_simd,2,2,7,0.00022
tp_openmp_part_2_vector_openmp,2,2,7,0.000559
tp_openmp_part_2_vector_sequential,2,2,7,3.7e-05
tp_openmp_part_2_vector_simd,2,2,7,0.000216
tp_openmp_part_2_vector_openmp,2,2,7,0.025469
tp_openmp_part_2_vector_sequential,2,2,7,5e-05
tp_openmp_part_2_vector_simd,2,2,7,0.00068
tp_openmp_part_2_vector_openmp,2,2,7,0.000644
tp_openmp_part_2_vector_sequential,2,2,7,3.8e-05
tp_openmp_part_2_vector_simd,2,2,7,0.000224
tp_openmp_part_2_vector_openmp,2,2,7,0.002237
tp_openmp_part_2_vector_sequential,2,2,7,4.1e-05
tp_openmp_part_2_vector_simd,2,2,7,0.000247
tp_openmp_part_2_vector_openmp,2,2,7,0.000589
tp_openmp_part_2_vector_sequential,2,2,7,3.7e-05
tp_openmp_part_2_vector_simd,2,2,7,0.003572
tp_openmp_part_2_vector_openmp,2,2,7,0.001659
tp_openmp_part_2_vector_sequential,2,2,7,4.1e-05
tp_openmp_part_2_vector_simd,2,2,7,0.000219
tp_openmp_part_2_vector_openmp,4,2,7,0.040238
tp_openmp_part_2_vector_sequential,4,2,7,4.2e-05
tp_openmp_part_2_vector_simd,4,2,7,0.05155
tp_openmp_part_2_vector_openmp,4,2,7,0.038498
tp_openmp_part_2_vector_sequential,4,2,7,3.9e-05
tp_openmp_part_2_vector_simd,4,2,7,0.24892
tp_openmp_part_2_vector_openmp,4,2,7,0.342767
tp_openmp_part_2_vector_sequential,4,2,7,5.4e-05
tp_openmp_part_2_vector_simd,4,2,7,0.081162
tp_openmp_part_2_vector_openmp,4,2,7,0.141877
tp_openmp_part_2_vector_sequential,4,2,7,4.1e-05
tp_openmp_part_2_vector_simd,4,2,7,0.09505
tp_openmp_part_2_vector_openmp,4,2,7,0.029985
tp_openmp_part_2_vector_sequential,4,2,7,4.1e-05
tp_openmp_part_2_vector_simd,4,2,7,0.00236
tp_openmp_part_2_vector_openmp,4,2,7,0.234109
tp_openmp_part_2_vector_sequential,4,2,7,4.1e-05
tp_openmp_part_2_vector_simd,4,2,7,0.127374
tp_openmp_part_2_vector_openmp,4,2,7,0.002567
tp_openmp_part_2_vector_sequential,4,2,7,4.1e-05
tp_openmp_part_2_vector_simd,4,2,7,0.006913
tp_openmp_part_2_vector_openmp,4,2,7,0.014743
tp_openmp_part_2_vector_sequential,4,2,7,3.7e-05
tp_openmp_part_2_vector_simd,4,2,7,0.022381
tp_openmp_part_2_vector_openmp,4,2,7,0.007575
tp_openmp_part_2_vector_sequential,4,2,7,4e-05
tp_openmp_part_2_vector_simd,4,2,7,0.047504
tp_openmp_part_2_vector_openmp,4,2,7,0.16213
tp_openmp_part_2_vector_sequential,4,2,7,3.7e-05
tp_openmp_part_2_vector_simd,4,2,7,0.001462
tp_openmp_part_2_vector_openmp,8,2,7,0.010577
tp_openmp_part_2_vector_sequential,8,2,7,3.9e-05
tp_openmp_part_2_vector_simd,8,2,7,0.024446
tp_openmp_part_2_vector_openmp,8,2,7,0.024123
tp_openmp_part_2_vector_sequential,8,2,7,4.1e-05
tp_openmp_part_2_vector_simd,8,2,7,0.004161
tp_openmp_part_2_vector_openmp,8,2,7,0.005112
tp_openmp_part_2_vector_sequential,8,2,7,4e-05
tp_openmp_part_2_vector_simd,8,2,7,0.034115
tp_openmp_part_2_vector_openmp,8,2,7,0.015707
tp_openmp_part_2_vector_sequential,8,2,7,3.7e-05
tp_openmp_part_2_vector_simd,8,2,7,0.017659
tp_openmp_part_2_vector_openmp,8,2,7,0.010017
tp_openmp_part_2_vector_sequential,8,2,7,3.9e-05
tp_openmp_part_2_vector_simd,8,2,7,0.021919
tp_openmp_part_2_vector_openmp,8,2,7,0.014033
tp_openmp_part_2_vector_sequential,8,2,7,4.1e-05
tp_openmp_part_2_vector_simd,8,2,7,0.009177
tp_openmp_part_2_vector_openmp,8,2,7,0.019197
tp_openmp_part_2_vector_sequential,8,2,7,5.1e-05
tp_openmp_part_2_vector_simd,8,2,7,0.011037
tp_openmp_part_2_vector_openmp,8,2,7,0.020046
tp_openmp_part_2_vector_sequential,8,2,7,3.8e-05
tp_openmp_part_2_vector_simd,8,2,7,0.004072
tp_openmp_part_2_vector_openmp,8,2,7,0.003988
tp_openmp_part_2_vector_sequential,8,2,7,3.7e-05
tp_openmp_part_2_vector_simd,8,2,7,0.003637
tp_openmp_part_2_vector_openmp,8,2,7,0.021613
tp_openmp_part_2_vector_sequential,8,2,7,5.3e-05
tp_openmp_part_2_vector_simd,8,2,7,0.018936
tp_openmp_part_2_vector_openmp,16,2,7,0.014964
tp_openmp_part_2_vector_sequential,16,2,7,4e-05
tp_openmp_part_2_vector_simd,16,2,7,0.007453
tp_openmp_part_2_vector_openmp,16,2,7,0.009674
tp_openmp_part_2_vector_sequential,16,2,7,3.7e-05
tp_openmp_part_2_vector_simd,16,2,7,0.028937
tp_openmp_part_2_vector_openmp,16,2,7,0.023925
tp_openmp_part_2_vector_sequential,16,2,7,4.5e-05
tp_openmp_part_2_vector_simd,16,2,7,0.021899
tp_openmp_part_2_vector_openmp,16,2,7,0.017858
tp_openmp_part_2_vector_sequential,16,2,7,4e-05
tp_openmp_part_2_vector_simd,16,2,7,0.008017
tp_openmp_part_2_vector_openmp,16,2,7,0.02693
tp_openmp_part_2_vector_sequential,16,2,7,3.7e-05
tp_openmp_part_2_vector_simd,16,2,7,0.031238
tp_openmp_part_2_vector_openmp,16,2,7,0.028615
tp_openmp_part_2_vector_sequential,16,2,7,4.3e-05
tp_openmp_part_2_vector_simd,16,2,7,0.041456
tp_openmp_part_2_vector_openmp,16,2,7,0.030836
tp_openmp_part_2_vector_sequential,16,2,7,3.8e-05
tp_openmp_part_2_vector_simd,16,2,7,0.02332
tp_openmp_part_2_vector_openmp,16,2,7,0.02583
tp_openmp_part_2_vector_sequential,16,2,7,3.8e-05
tp_openmp_part_2_vector_simd,16,2,7,0.02142
tp_openmp_part_2_vector_openmp,16,2,7,0.027166
tp_openmp_part_2_vector_sequential,16,2,7,4.1e-05
tp_openmp_part_2_vector_simd,16,2,7,0.015856
tp_openmp_part_2_vector_openmp,16,2,7,0.027891
tp_openmp_part_2_vector_sequential,16,2,7,4.2e-05
tp_openmp_part_2_vector_simd,16,2,7,0.024118
tp_openmp_part_2_vector_openmp,32,2,7,0.04031
tp_openmp_part_2_vector_sequential,32,2,7,3.7e-05
tp_openmp_part_2_vector_simd,32,2,7,0.019339
tp_openmp_part_2_vector_openmp,32,2,7,0.030596
tp_openmp_part_2_vector_sequential,32,2,7,4.1e-05
tp_openmp_part_2_vector_simd,32,2,7,0.059886
tp_openmp_part_2_vector_openmp,32,2,7,0.044808
tp_openmp_part_2_vector_sequential,32,2,7,3.8e-05
tp_openmp_part_2_vector_simd,32,2,7,0.033527
tp_openmp_part_2_vector_openmp,32,2,7,0.036051
tp_openmp_part_2_vector_sequential,32,2,7,3.8e-05
tp_openmp_part_2_vector_simd,32,2,7,0.024998
tp_openmp_part_2_vector_openmp,32,2,7,0.042155
tp_openmp_part_2_vector_sequential,32,2,7,3.8e-05
tp_openmp_part_2_vector_simd,32,2,7,0.03362
tp_openmp_part_2_vector_openmp,32,2,7,0.040327
tp_openmp_part_2_vector_sequential,32,2,7,3.9e-05
tp_openmp_part_2_vector_simd,32,2,7,0.035575
tp_openmp_part_2_vector_openmp,32,2,7,0.0232
tp_openmp_part_2_vector_sequential,32,2,7,3.6e-05
tp_openmp_part_2_vector_simd,32,2,7,0.044225
tp_openmp_part_2_vector_openmp,32,2,7,0.055612
tp_openmp_part_2_vector_sequential,32,2,7,4e-05
tp_openmp_part_2_vector_simd,32,2,7,0.034657
tp_openmp_part_2_vector_openmp,32,2,7,0.038936
tp_openmp_part_2_vector_sequential,32,2,7,4e-05
tp_openmp_part_2_vector_simd,32,2,7,0.039235
tp_openmp_part_2_vector_openmp,32,2,7,0.028614
tp_openmp_part_2_vector_sequential,32,2,7,5.1e-05
tp_openmp_part_2_vector_simd,32,2,7,0.041945
tp_openmp_part_2_vector_openmp,64,2,7,0.045524
tp_openmp_part_2_vector_sequential,64,2,7,3.8e-05
tp_openmp_part_2_vector_simd,64,2,7,0.057644
tp_openmp_part_2_vector_openmp,64,2,7,0.053423
tp_openmp_part_2_vector_sequential,64,2,7,4.1e-05
tp_openmp_part_2_vector_simd,64,2,7,0.043374
tp_openmp_part_2_vector_openmp,64,2,7,0.049898
tp_openmp_part_2_vector_sequential,64,2,7,3.8e-05
tp_openmp_part_2_vector_simd,64,2,7,0.046803
tp_openmp_part_2_vector_openmp,64,2,7,0.036265
tp_openmp_part_2_vector_sequential,64,2,7,3.8e-05
tp_openmp_part_2_vector_simd,64,2,7,0.059536
tp_openmp_part_2_vector_openmp,64,2,7,0.053522
tp_openmp_part_2_vector_sequential,64,2,7,3.8e-05
tp_openmp_part_2_vector_simd,64,2,7,0.061951
tp_openmp_part_2_vector_openmp,64,2,7,0.044991
tp_openmp_part_2_vector_sequential,64,2,7,4.1e-05
tp_openmp_part_2_vector_simd,64,2,7,0.058299
tp_openmp_part_2_vector_openmp,64,2,7,0.052568
tp_openmp_part_2_vector_sequential,64,2,7,4.1e-05
tp_openmp_part_2_vector_simd,64,2,7,0.052448
tp_openmp_part_2_vector_openmp,64,2,7,0.047057
tp_openmp_part_2_vector_sequential,64,2,7,4.1e-05
tp_openmp_part_2_vector_simd,64,2,7,0.053837
tp_openmp_part_2_vector_openmp,64,2,7,0.047963
tp_openmp_part_2_vector_sequential,64,2,7,3.8e-05
tp_openmp_part_2_vector_simd,64,2,7,0.048898
tp_openmp_part_2_vector_openmp,64,2,7,0.05418
tp_openmp_part_2_vector_sequential,64,2,7,4e-05
tp_openmp_part_2_vector_simd,64,2,7,0.062813
tp_openmp_part_2_vector_openmp,1,4,1,0.002237
tp_openmp_part_2_vector_sequential,1,4,1,9e-06
tp_openmp_part_2_vector_simd,1,4,1,0.000116
tp_openmp_part_2_vector_openmp,1,4,1,0.013713
tp_openmp_part_2_vector_sequential,1,4,1,7e-06
tp_openmp_part_2_vector_simd,1,4,1,0.000117
tp_openmp_part_2_vector_openmp,1,4,1,0.00223
tp_openmp_part_2_vector_sequential,1,4,1,8e-06
tp_openmp_part_2_vector_simd,1,4,1,0.000117
tp_openmp_part_2_vector_openmp,1,4,1,0.009562
tp_openmp_part_2_vector_sequential,1,4,1,1.2e-05
tp_openmp_part_2_vector_simd,1,4,1,0.00012
tp_openmp_part_2_vector_openmp,1,4,1,0.002915
tp_openmp_part_2_vector_sequential,1,4,1,1.3e-05
tp_openmp_part_2_vector_simd,1,4,1,0.000132
tp_openmp_part_2_vector_openmp,1,4,1,0.00251
tp_openmp_part_2_vector_sequential,1,4,1,1e-05
tp_openmp_part_2_vector_simd,1,4,1,0.000114
tp_openmp_part_2_vector_openmp,1,4,1,0.002247
tp_openmp_part_2_vector_sequential,1,4,1,7e-06
tp_openmp_part_2_vector_simd,1,4,1,0.000116
tp_openmp_part_2_vector_openmp,1,4,1,0.002603
tp_openmp_part_2_vector_sequential,1,4,1,6e-06
tp_openmp_part_2_vector_simd,1,4,1,0.000115
tp_openmp_part_2_vector_openmp,1,4,1,0.002193
tp_openmp_part_2_vector_sequential,1,4,1,8e-06
tp_openmp_part_2_vector_simd,1,4,1,0.009722
tp_openmp_part_2_vector_openmp,1,4,1,0.002452
tp_openmp_part_2_vector_sequential,1,4,1,6e-06
tp_openmp_part_2_vector_simd,1,4,1,0.000116
tp_openmp_part_2_vector_openmp,2,4,1,0.001444
tp_openmp_part_2_vector_sequential,2,4,1,1.1e-05
tp_openmp_part_2_vector_simd,2,4,1,0.00024
tp_openmp_part_2_vector_openmp,2,4,1,0.006375
tp_openmp_part_2_vector_sequential,2,4,1,6e-06
tp_openmp_part_2_vector_simd,2,4,1,0.003214
tp_openmp_part_2_vector_openmp,2,4,1,0.003613
tp_openmp_part_2_vector_sequential,2,4,1,6e-06
tp_openmp_part_2_vector_simd,2,4,1,0.000222
tp_openmp_part_2_vector_openmp,2,4,1,0.007221
tp_openmp_part_2_vector_sequential,2,4,1,7e-06
tp_openmp_part_2_vector_simd,2,4,1,0.000227
tp_openmp_part_2_vector_openmp,2,4,1,0.00526
tp_openmp_part_2_vector_sequential,2,4,1,9e-06
tp_openmp_part_2_vector_simd,2,4,1,0.001074
tp_openmp_part_2_vector_openmp,2,4,1,0.001697
tp_openmp_part_2_vector_sequential,2,4,1,1e-05
tp_openmp_part_2_vector_simd,2,4,1,0.000344
tp_openmp_part_2_vector_openmp,2,4,1,0.001497
tp_openmp_part_2_vector_sequential,2,4,1,8e-06
tp_openmp_part_2_vector_simd,2,4,1,0.00026
tp_openmp_part_2_vector_openmp,2,4,1,0.011358
tp_openmp_part_2_vector_sequential,2,4,1,6e-06
tp_openmp_part_2_vector_simd,2,4,1,0.000236
tp_openmp_part_2_vector_openmp,2,4,1,0.004533
tp_openmp_part_2_vector_sequential,2,4,1,6e-06
tp_openmp_part_2_vector_simd,2,4,1,0.014903
tp_openmp_part_2_vector_openmp,2,4,1,0.013342
tp_openmp_part_2_vector_sequential,2,4,1,1e-05
tp_openmp_part_2_vector_simd,2,4,1,0.000233
tp_openmp_part_2_vector_openmp,4,4,1,0.271637
tp_openmp_part_2_vector_sequential,4,4,1,9e-06
tp_openmp_part_2_vector_simd,4,4,1,0.05319
tp_openmp_part_2_vector_openmp,4,4,1,0.036447
tp_openmp_part_2_vector_sequential,4,4,1,6e-06
tp_openmp_part_2_vector_simd,4,4,1,0.135399
tp_openmp_part_2_vector_openmp,4,4,1,0.007464
tp_openmp_part_2_vector_sequential,4,4,1,9e-06
tp_openmp_part_2_vector_simd,4,4,1,0.094038
tp_openmp_part_2_vector_openmp,4,4,1,0.293737
tp_openmp_part_2_vector_sequential,4,4,1,9e-06
tp_openmp_part_2_vector_simd,4,4,1,0.328889
tp_openmp_part_2_vector_openmp,4,4,1,0.256722
tp_openmp_part_2_vector_sequential,4,4,1,9e-06
tp_openmp_part_2_vector_simd,4,4,1,0.48445
tp_openmp_part_2_vector_openmp,4,4,1,0.16985
tp_openmp_part_2_vector_sequential,4,4,1,6e-06
tp_openmp_part_2_vector_simd,4,4,1,0.143834
tp_openmp_part_2_vector_openmp,4,4,1,0.026766
tp_openmp_part_2_vector_sequential,4,4,1,9e-06
tp_openmp_part_2_vector_simd,4,4,1,0.01769
tp_openmp_part_2_vector_openmp,4,4,1,0.048424
tp_openmp_part_2_vector_sequential,4,4,1,8e-06
tp_openmp_part_2_vector_simd,4,4,1,0.227078
tp_openmp_part_2_vector_openmp,4,4,1,0.111694
tp_openmp_part_2_vector_sequential,4,4,1,8e-06
tp_openmp_part_2_vector_simd,4,4,1,0.062954
tp_openmp_part_2_vector_openmp,4,4,1,0.076019
tp_openmp_part_2_vector_sequential,4,4,1,7e-06
tp_openmp_part_2_vector_simd,4,4,1,0.021294
tp_openmp_part_2_vector_openmp,8,4,1,0.019626
tp_openmp_part_2_vector_sequential,8,4,1,8e-06
tp_openmp_part_2_vector_simd,8,4,1,0.025556
tp_openmp_part_2_vector_openmp,8,4,1,0.026559
tp_openmp_part_2_vector_sequential,8,4,1,1e-05
tp_openmp_part_2_vector_simd,8,4,1,0.008521
tp_openmp_part_2_vector_openmp,8,4,1,0.025168
tp_openmp_part_2_vector_sequential,8,4,1,6e-06
tp_openmp_part_2_vector_simd,8,4,1,0.003425
tp_openmp_part_2_vector_openmp,8,4,1,0.030151
tp_openmp_part_2_vector_sequential,8,4,1,9e-06
tp_openmp_part_2_vector_simd,8,4,1,0.015427
tp_openmp_part_2_vector_openmp,8,4,1,0.005322
tp_openmp_part_2_vector_sequential,8,4,1,9e-06
tp_openmp_part_2_vector_simd,8,4,1,0.006934
tp_openmp_part_2_vector_openmp,8,4,1,0.005337
tp_openmp_part_2_vector_sequential,8,4,1,1.1e-05
tp_openmp_part_2_vector_simd,8,4,1,0.021522
tp_openmp_part_2_vector_openmp,8,4,1,0.025446
tp_openmp_part_2_vector_sequential,8,4,1,9e-06
tp_openmp_part_2_vector_simd,8,4,1,0.004513
tp_openmp_part_2_vector_openmp,8,4,1,0.023973
tp_openmp_part_2_vector_sequential,8,4,1,6e-06
tp_openmp_part_2_vector_simd,8,4,1,0.016248
tp_openmp_part_2_vector_openmp,8,4,1,0.025589
tp_openmp_part_2_vector_sequential,8,4,1,1e-05
tp_openmp_part_2_vector_simd,8,4,1,0.012753
tp_openmp_part_2_vector_openmp,8,4,1,0.030966
tp_openmp_part_2_vector_sequential,8,4,1,9e-06
tp_openmp_part_2_vector_simd,8,4,1,0.026928
tp_openmp_part_2_vector_openmp,16,4,1,0.029106
tp_openmp_part_2_vector_sequential,16,4,1,1e-05
tp_openmp_part_2_vector_simd,16,4,1,0.025983
tp_openmp_part_2_vector_openmp,16,4,1,0.024247
tp_openmp_part_2_vector_sequential,16,4,1,8e-06
tp_openmp_part_2_vector_simd,16,4,1,0.025268
tp_openmp_part_2_vector_openmp,16,4,1,0.017105
tp_openmp_part_2_vector_sequential,16,4,1,1e-05
tp_openmp_part_2_vector_simd,16,4,1,0.027327
tp_openmp_part_2_vector_openmp,16,4,1,0.021282
tp_openmp_part_2_vector_sequential,16,4,1,6e-06
tp_openmp_part_2_vector_simd,16,4,1,0.037811
tp_openmp_part_2_vector_openmp,16,4,1,0.040379
tp_openmp_part_2_vector_sequential,16,4,1,8e-06
tp_openmp_part_2_vector_simd,16,4,1,0.032649
tp_openmp_part_2_vector_openmp,16,4,1,0.020613
tp_openmp_part_2_vector_sequential,16,4,1,8e-06
tp_openmp_part_2_vector_simd,16,4,1,0.032419
tp_openmp_part_2_vector_openmp,16,4,1,0.033522
tp_openmp_part_2_vector_sequential,16,4,1,7e-06
tp_openmp_part_2_vector_simd,16,4,1,0.007128
tp_openmp_part_2_vector_openmp,16,4,1,0.044448
tp_openmp_part_2_vector_sequential,16,4,1,9e-06
tp_openmp_part_2_vector_simd,16,4,1,0.018776
tp_openmp_part_2_vector_openmp,16,4,1,0.026318
tp_openmp_part_2_vector_sequential,16,4,1,8e-06
tp_openmp_part_2_vector_simd,16,4,1,0.019921
tp_openmp_part_2_vector_openmp,16,4,1,0.031073
tp_openmp_part_2_vector_sequential,16,4,1,1.2e-05
tp_openmp_part_2_vector_simd,16,4,1,0.026483
tp_openmp_part_2_vector_openmp,32,4,1,0.043047
tp_openmp_part_2_vector_sequential,32,4,1,1e-05
tp_openmp_part_2_vector_simd,32,4,1,0.034007
tp_openmp_part_2_vector_openmp,32,4,1,0.036401
tp_openmp_part_2_vector_sequential,32,4,1,8e-06
tp_openmp_part_2_vector_simd,32,4,1,0.031885
tp_openmp_part_2_vector_openmp,32,4,1,0.034348
tp_openmp_part_2_vector_sequential,32,4,1,8e-06
tp_openmp_part_2_vector_simd,32,4,1,0.027149
tp_openmp_part_2_vector_openmp,32,4,1,0.030993
tp_openmp_part_2_vector_sequential,32,4,1,8e-06
tp_openmp_part_2_vector_simd,32,4,1,0.030402
tp_openmp_part_2_vector_openmp,32,4,1,0.054155
tp_openmp_part_2_vector_sequential,32,4,1,9e-06
tp_openmp_part_2_vector_simd,32,4,1,0.031208
tp_openmp_part_2_vector_openmp,32,4,1,0.039643
tp_openmp_part_2_vector_sequential,32,4,1,5e-06
tp_openmp_part_2_vector_simd,32,4,1,0.048106
tp_openmp_part_2_vector_openmp,32,4,1,0.028114
tp_openmp_part_2_vector_sequential,32,4,1,8e-06
tp_openmp_part_2_vector_simd,32,4,1,0.030585
tp_openmp_part_2_vector_openmp,32,4,1,0.033662
tp_openmp_part_2_vector_sequential,32,4,1,6e-06
tp_openmp_part_2_vector_simd,32,4,1,0.02913
tp_openmp_part_2_vector_openmp,32,4,1,0.03792
tp_openmp_part_2_vector_sequential,32,4,1,8e-06
tp_openmp_part_2_vector_simd,32,4,1,0.022727
tp_openmp_part_2_vector_openmp,32,4,1,0.042051
tp_openmp_part_2_vector_sequential,32,4,1,1e-05
tp_openmp_part_2_vector_simd,32,4,1,0.036666
tp_openmp_part_2_vector_openmp,64,4,1,0.046256
tp_openmp_part_2_vector_sequential,64,4,1,1.4e-05
tp_openmp_part_2_vector_simd,64,4,1,0.037115
tp_openmp_part_2_vector_openmp,64,4,1,0.057655
tp_openmp_part_2_vector_sequential,64,4,1,9e-06
tp_openmp_part_2_vector_simd,64,4,1,0.062997
tp_openmp_part_2_vector_openmp,64,4,1,0.05039
tp_openmp_part_2_vector_sequential,64,4,1,7e-06
tp_openmp_part_2_vector_simd,64,4,1,0.051699
tp_openmp_part_2_vector_openmp,64,4,1,0.047578
tp_openmp_part_2_vector_sequential,64,4,1,1e-05
tp_openmp_part_2_vector_simd,64,4,1,0.064523
tp_openmp_part_2_vector_openmp,64,4,1,0.043961
tp_openmp_part_2_vector_sequential,64,4,1,7e-06
tp_openmp_part_2_vector_simd,64,4,1,0.051897
tp_openmp_part_2_vector_openmp,64,4,1,0.060095
tp_openmp_part_2_vector_sequential,64,4,1,9e-06
tp_openmp_part_2_vector_simd,64,4,1,0.050975
tp_openmp_part_2_vector_openmp,64,4,1,0.056441
tp_openmp_part_2_vector_sequential,64,4,1,1.1e-05
tp_openmp_part_2_vector_simd,64,4,1,0.034506
tp_openmp_part_2_vector_openmp,64,4,1,0.061591
tp_openmp_part_2_vector_sequential,64,4,1,8e-06
tp_openmp_part_2_vector_simd,64,4,1,0.064056
tp_openmp_part_2_vector_openmp,64,4,1,0.046932
tp_openmp_part_2_vector_sequential,64,4,1,1e-05
tp_openmp_part_2_vector_simd,64,4,1,0.055679
tp_openmp_part_2_vector_openmp,64,4,1,0.062506
tp_openmp_part_2_vector_sequential,64,4,1,9e-06
tp_openmp_part_2_vector_simd,64,4,1,0.052397
tp_openmp_part_2_vector_openmp,1,4,3,0.00234
tp_openmp_part_2_vector_sequential,1,4,3,9e-06
tp_openmp_part_2_vector_simd,1,4,3,0.000108
tp_openmp_part_2_vector_openmp,1,4,3,0.008958
tp_openmp_part_2_vector_sequential,1,4,3,7e-06
tp_openmp_part_2_vector_simd,1,4,3,0.000112
tp_openmp_part_2_vector_openmp,1,4,3,0.002384
tp_openmp_part_2_vector_sequential,1,4,3,1.1e-05
tp_openmp_part_2_vector_simd,1,4,3,0.000104
tp_openmp_part_2_vector_openmp,1,4,3,0.003069
tp_openmp_part_2_vector_sequential,1,4,3,7e-06
tp_openmp_part_2_vector_simd,1,4,3,0.00016
tp_openmp_part_2_vector_openmp,1,4,3,0.002275
tp_openmp_part_2_vector_sequential,1,4,3,1e-05
tp_openmp_part_2_vector_simd,1,4,3,0.000113
tp_openmp_part_2_vector_openmp,1,4,3,0.003669
tp_openmp_part_2_vector_sequential,1,4,3,1e-05
tp_openmp_part_2_vector_simd,1,4,3,0.000102
tp_openmp_part_2_vector_openmp,1,4,3,0.002281
tp_openmp_part_2_vector_sequential,1,4,3,1e-05
tp_openmp_part_2_vector_simd,1,4,3,0.000105
tp_openmp_part_2_vector_openmp,1,4,3,0.006311
tp_openmp_part_2_vector_sequential,1,4,3,8e-06
tp_openmp_part_2_vector_simd,1,4,3,0.000113
tp_openmp_part_2_vector_openmp,1,4,3,0.002278
tp_openmp_part_2_vector_sequential,1,4,3,9e-06
tp_openmp_part_2_vector_simd,1,4,3,0.000104
tp_openmp_part_2_vector_openmp,1,4,3,0.002313
tp_openmp_part_2_vector_sequential,1,4,3,7e-06
tp_openmp_part_2_vector_simd,1,4,3,0.000103
tp_openmp_part_2_vector_openmp,2,4,3,0.048323
tp_openmp_part_2_vector_sequential,2,4,3,7e-06
tp_openmp_part_2_vector_simd,2,4,3,0.003828
tp_openmp_part_2_vector_openmp,2,4,3,0.025847
tp_openmp_part_2_vector_sequential,2,4,3,9e-06
tp_openmp_part_2_vector_simd,2,4,3,0.016029
tp_openmp_part_2_vector_openmp,2,4,3,0.001542
tp_openmp_part_2_vector_sequential,2,4,3,8e-06
tp_openmp_part_2_vector_simd,2,4,3,0.028102
tp_openmp_part_2_vector_openmp,2,4,3,0.001404
tp_openmp_part_2_vector_sequential,2,4,3,9e-06
tp_openmp_part_2_vector_simd,2,4,3,0.008423
tp_openmp_part_2_vector_openmp,2,4,3,0.001619
tp_openmp_part_2_vector_sequential,2,4,3,1.1e-05
tp_openmp_part_2_vector_simd,2,4,3,0.000342
tp_openmp_part_2_vector_openmp,2,4,3,0.00152
tp_openmp_part_2_vector_sequential,2,4,3,1e-05
tp_openmp_part_2_vector_simd,2,4,3,0.000234
tp_openmp_part_2_vector_openmp,2,4,3,0.025971
tp_openmp_part_2_vector_sequential,2,4,3,1e-05
tp_openmp_part_2_vector_simd,2,4,3,0.000228
tp_openmp_part_2_vector_openmp,2,4,3,0.002268
tp_openmp_part_2_vector_sequential,2,4,3,9e-06
tp_openmp_part_2_vector_simd,2,4,3,0.021974
tp_openmp_part_2_vector_openmp,2,4,3,0.002082
tp_openmp_part_2_vector_sequential,2,4,3,1.1e-05
tp_openmp_part_2_vector_simd,2,4,3,0.000213
tp_openmp_part_2_vector_openmp,2,4,3,0.002754
tp_openmp_part_2_vector_sequential,2,4,3,9e-06
tp_openmp_part_2_vector_simd,2,4,3,0.007868
tp_openmp_part_2_vector_openmp,4,4,3,0.470972
tp_openmp_part_2_vector_sequential,4,4,3,8e-06
tp_openmp_part_2_vector_simd,4,4,3,0.092082
tp_openmp_part_2_vector_openmp,4,4,3,0.030128
tp_openmp_part_2_vector_sequential,4,4,3,8e-06
tp_openmp_part_2_vector_simd,4,4,3,0.051846
tp_openmp_part_2_vector_openmp,4,4,3,0.054114
tp_openmp_part_2_vector_sequential,4,4,3,9e-06
tp_openmp_part_2_vector_simd,4,4,3,0.028045
tp_openmp_part_2_vector_openmp,4,4,3,0.048967
tp_openmp_part_2_vector_sequential,4,4,3,1.3e-05
tp_openmp_part_2_vector_simd,4,4,3,0.009337
tp_openmp_part_2_vector_openmp,4,4,3,0.075678
tp_openmp_part_2_vector_sequential,4,4,3,1.3e-05
tp_openmp_part_2_vector_simd,4,4,3,0.237091
tp_openmp_part_2_vector_openmp,4,4,3,0.062969
tp_openmp_part_2_vector_sequential,4,4,3,1.1e-05
tp_openmp_part_2_vector_simd,4,4,3,0.055667
tp_openmp_part_2_vector_openmp,4,4,3,0.032224
tp_openmp_part_2_vector_sequential,4,4,3,1e-05
tp_openmp_part_2_vector_simd,4,4,3,0.019733
tp_openmp_part_2_vector_openmp,4,4,3,0.039803
tp_openmp_part_2_vector_sequential,4,4,3,9e-06
tp_openmp_part_2_vector_simd,4,4,3,0.043674
tp_openmp_part_2_vector_openmp,4,4,3,0.123517
tp_openmp_part_2_vector_sequential,4,4,3,1.7e-05
tp_openmp_part_2_vector_simd,4,4,3,0.052463
tp_openmp_part_2_vector_openmp,4,4,3,0.145771
tp_openmp_part_2_vector_sequential,4,4,3,1.2e-05
tp_openmp_part_2_vector_simd,4,4,3,0.03187
tp_openmp_part_2_vector_openmp,8,4,3,0.022148
tp_openmp_part_2_vector_sequential,8,4,3,8e-06
tp_openmp_part_2_vector_simd,8,4,3,0.019676
tp_openmp_part_2_vector_openmp,8,4,3,0.024479
tp_openmp_part_2_vector_sequential,8,4,3,1.1e-05
tp_openmp_part_2_vector_simd,8,4,3,0.016958
tp_openmp_part_2_vector_openmp,8,4,3,0.020457
tp_openmp_part_2_vector_sequential,8,4,3,1.2e-05
tp_openmp_part_2_vector_simd,8,4,3,0.027829
tp_openmp_part_2_vector_openmp,8,4,3,0.029642
tp_openmp_part_2_vector_sequential,8,4,3,1.1e-05
tp_openmp_part_2_vector_simd,8,4,3,0.021808
tp_openmp_part_2_vector_openmp,8,4,3,0.019661
tp_openmp_part_2_vector_sequential,8,4,3,1.3e-05
tp_openmp_part_2_vector_simd,8,4,3,0.007715
tp_openmp_part_2_vector_openmp,8,4,3,0.016851
tp_openmp_part_2_vector_sequential,8,4,3,1.1e-05
tp_openmp_part_2_vector_simd,8,4,3,0.009144
tp_openmp_part_2_vector_openmp,8,4,3,0.008235
tp_openmp_part_2_vector_sequential,8,4,3,1e-05
tp_openmp_part_2_vector_simd,8,4,3,0.007949
tp_openmp_part_2_vector_openmp,8,4,3,0.022062
tp_openmp_part_2_vector_sequential,8,4,3,1.8e-05
tp_openmp_part_2_vector_simd,8,4,3,0.023595
tp_openmp_part_2_vector_openmp,8,4,3,0.024934
tp_openmp_part_2_vector_sequential,8,4,3,9e-06
tp_openmp_part_2_vector_simd,8,4,3,0.018767
tp_openmp_part_2_vector_openmp,8,4,3,0.009254
tp_openmp_part_2_vector_sequential,8,4,3,9e-06
tp_openmp_part_2_vector_simd,8,4,3,0.01507
tp_openmp_part_2_vector_openmp,16,4,3,0.015809
tp_openmp_part_2_vector_sequential,16,4,3,1.3e-05
tp_openmp_part_2_vector_simd,16,4,3,0.021078
tp_openmp_part_2_vector_openmp,16,4,3,0.016068
tp_openmp_part_2_vector_sequential,16,4,3,1e-05
tp_openmp_part_2_vector_simd,16,4,3,0.021629
tp_openmp_part_2_vector_openmp,16,4,3,0.02627
tp_openmp_part_2_vector_sequential,16,4,3,8e-06
tp_openmp_part_2_vector_simd,16,4,3,0.036686
tp_openmp_part_2_vector_openmp,16,4,3,0.01978
tp_openmp_part_2_vector_sequential,16,4,3,8e-06
tp_openmp_part_2_vector_simd,16,4,3,0.020848
tp_openmp_part_2_vector_openmp,16,4,3,0.028209
tp_openmp_part_2_vector_sequential,16,4,3,9e-06
tp_openmp_part_2_vector_simd,16,4,3,0.045765
tp_openmp_part_2_vector_openmp,16,4,3,0.02311
tp_openmp_part_2_vector_sequential,16,4,3,8e-06
tp_openmp_part_2_vector_simd,16,4,3,0.016847
tp_openmp_part_2_vector_openmp,16,4,3,0.027791
tp_openmp_part_2_vector_sequential,16,4,3,7e-06
tp_openmp_part_2_vector_simd,16,4,3,0.025961
tp_openmp_part_2_vector_openmp,16,4,3,0.029225
tp_openmp_part_2_vector_sequential,16,4,3,1.1e-05
tp_openmp_part_2_vector_simd,16,4,3,0.029928
tp_openmp_part_2_vector_openmp,16,4,3,0.024679
tp_openmp_part_2_vector_sequential,16,4,3,1.2e-05
tp_openmp_part_2_vector_simd,16,4,3,0.021491
tp_openmp_part_2_vector_openmp,16,4,3,0.021314
tp_openmp_part_2_vector_sequential,16,4,3,1e-05
tp_openmp_part_2_vector_simd,16,4,3,0.018401
tp_openmp_part_2_vector_openmp,32,4,3,0.040364
tp_openmp_part_2_vector_sequential,32,4,3,9e-06
tp_openmp_part_2_vector_simd,32,4,3,0.043189
tp_openmp_part_2_vector_openmp,32,4,3,0.029277
tp_openmp_part_2_vector_sequential,32,4,3,1.2e-05
tp_openmp_part_2_vector_simd,32,4,3,0.032702
tp_openmp_part_2_vector_openmp,32,4,3,0.042726
tp_openmp_part_2_vector_sequential,32,4,3,1e-05
tp_openmp_part_2_vector_simd,32,4,3,0.030559
tp_openmp_part_2_vector_openmp,32,4,3,0.03354
tp_openmp_part_2_vector_sequential,32,4,3,8e-06
tp_openmp_part_2_vector_simd,32,4,3,0.031745
tp_openmp_part_2_vector_openmp,32,4,3,0.043159
tp_openmp_part_2_vector_sequential,32,4,3,1.2e-05
tp_openmp_part_2_vector_simd,32,4,3,0.034689
tp_openmp_part_2_vector_openmp,32,4,3,0.031799
tp_openmp_part_2_vector_sequential,32,4,3,1.3e-05
tp_openmp_part_2_vector_simd,32,4,3,0.038124
tp_openmp_part_2_vector_openmp,32,4,3,0.041938
tp_openmp_part_2_vector_sequential,32,4,3,8e-06
tp_openmp_part_2_vector_simd,32,4,3,0.014453
tp_openmp_part_2_vector_openmp,32,4,3,0.050803
tp_openmp_part_2_vector_sequential,32,4,3,8e-06
tp_openmp_part_2_vector_simd,32,4,3,0.033153
tp_openmp_part_2_vector_openmp,32,4,3,0.046959
tp_openmp_part_2_vector_sequential,32,4,3,8e-06
tp_openmp_part_2_vector_simd,32,4,3,0.027008
tp_openmp_part_2_vector_openmp,32,4,3,0.04002
tp_openmp_part_2_vector_sequential,32,4,3,8e-06
tp_openmp_part_2_vector_simd,32,4,3,0.029643
tp_openmp_part_2_vector_openmp,64,4,3,0.069465
tp_openmp_part_2_vector_sequential,64,4,3,1.3e-05
tp_openmp_part_2_vector_simd,64,4,3,0.056308
tp_openmp_part_2_vector_openmp,64,4,3,0.042463
tp_openmp_part_2_vector_sequential,64,4,3,8e-06
tp_openmp_part_2_vector_simd,64,4,3,0.069161
tp_openmp_part_2_vector_openmp,64,4,3,0.044204
tp_openmp_part_2_vector_sequential,64,4,3,1.1e-05
tp_openmp_part_2_vector_simd,64,4,3,0.053724
tp_openmp_part_2_vector_openmp,64,4,3,0.044285
tp_openmp_part_2_vector_sequential,64,4,3,1.1e-05
tp_openmp_part_2_vector_simd,64,4,3,0.061801
tp_openmp_part_2_vector_openmp,64,4,3,0.039583
tp_openmp_part_2_vector_sequential,64,4,3,1.1e-05
tp_openmp_part_2_vector_simd,64,4,3,0.061104
tp_openmp_part_2_vector_openmp,64,4,3,0.068673
tp_openmp_part_2_vector_sequential,64,4,3,1.2e-05
tp_openmp_part_2_vector_simd,64,4,3,0.047379
tp_openmp_part_2_vector_openmp,64,4,3,0.042184
tp_openmp_part_2_vector_sequential,64,4,3,8e-06
tp_openmp_part_2_vector_simd,64,4,3,0.065443
tp_openmp_part_2_vector_openmp,64,4,3,0.055584
tp_openmp_part_2_vector_sequential,64,4,3,1.1e-05
tp_openmp_part_2_vector_simd,64,4,3,0.051078
tp_openmp_part_2_vector_openmp,64,4,3,0.071523
tp_openmp_part_2_vector_sequential,64,4,3,8e-06
tp_openmp_part_2_vector_simd,64,4,3,0.039209
tp_openmp_part_2_vector_openmp,64,4,3,0.047043
tp_openmp_part_2_vector_sequential,64,4,3,8e-06
tp_openmp_part_2_vector_simd,64,4,3,0.04157
tp_openmp_part_2_vector_openmp,1,4,7,0.012937
tp_openmp_part_2_vector_sequential,1,4,7,0.00014
tp_openmp_part_2_vector_simd,1,4,7,0.000132
tp_openmp_part_2_vector_openmp,1,4,7,0.012421
tp_openmp_part_2_vector_sequential,1,4,7,0.000151
tp_openmp_part_2_vector_simd,1,4,7,0.00013
tp_openmp_part_2_vector_openmp,1,4,7,0.013765
tp_openmp_part_2_vector_sequential,1,4,7,0.00014
tp_openmp_part_2_vector_simd,1,4,7,0.000133
tp_openmp_part_2_vector_openmp,1,4,7,0.007544
tp_openmp_part_2_vector_sequential,1,4,7,0.000143
tp_openmp_part_2_vector_simd,1,4,7,0.000133
tp_openmp_part_2_vector_openmp,1,4,7,0.012957
tp_openmp_part_2_vector_sequential,1,4,7,0.000138
tp_openmp_part_2_vector_simd,1,4,7,0.000128
tp_openmp_part_2_vector_openmp,1,4,7,0.0039
tp_openmp_part_2_vector_sequential,1,4,7,0.000137
tp_openmp_part_2_vector_simd,1,4,7,0.000135
tp_openmp_part_2_vector_openmp,1,4,7,0.004011
tp_openmp_part_2_vector_sequential,1,4,7,0.000163
tp_openmp_part_2_vector_simd,1,4,7,0.000143
tp_openmp_part_2_vector_openmp,1,4,7,0.003812
tp_openmp_part_2_vector_sequential,1,4,7,0.000142
tp_openmp_part_2_vector_simd,1,4,7,0.000129
tp_openmp_part_2_vector_openmp,1,4,7,0.003376
tp_openmp_part_2_vector_sequential,1,4,7,0.000155
tp_openmp_part_2_vector_simd,1,4,7,0.000134
tp_openmp_part_2_vector_openmp,1,4,7,0.002922
tp_openmp_part_2_vector_sequential,1,4,7,0.000153
tp_openmp_part_2_vector_simd,1,4,7,0.000129
tp_openmp_part_2_vector_openmp,2,4,7,0.001702
tp_openmp_part_2_vector_sequential,2,4,7,0.000142
tp_openmp_part_2_vector_simd,2,4,7,0.000225
tp_openmp_part_2_vector_openmp,2,4,7,0.001631
tp_openmp_part_2_vector_sequential,2,4,7,0.000141
tp_openmp_part_2_vector_simd,2,4,7,0.009505
tp_openmp_part_2_vector_openmp,2,4,7,0.00156
tp_openmp_part_2_vector_sequential,2,4,7,0.000174
tp_openmp_part_2_vector_simd,2,4,7,0.001689
tp_openmp_part_2_vector_openmp,2,4,7,0.00167
tp_openmp_part_2_vector_sequential,2,4,7,0.000165
tp_openmp_part_2_vector_simd,2,4,7,0.000219
tp_openmp_part_2_vector_openmp,2,4,7,0.001828
tp_openmp_part_2_vector_sequential,2,4,7,0.000139
tp_openmp_part_2_vector_simd,2,4,7,0.011487
tp_openmp_part_2_vector_openmp,2,4,7,0.002066
tp_openmp_part_2_vector_sequential,2,4,7,0.000791
tp_openmp_part_2_vector_simd,2,4,7,0.000294
tp_openmp_part_2_vector_openmp,2,4,7,0.002529
tp_openmp_part_2_vector_sequential,2,4,7,0.00014
tp_openmp_part_2_vector_simd,2,4,7,0.00023
tp_openmp_part_2_vector_openmp,2,4,7,0.0017
tp_openmp_part_2_vector_sequential,2,4,7,0.000146
tp_openmp_part_2_vector_simd,2,4,7,0.000772
tp_openmp_part_2_vector_openmp,2,4,7,0.001894
tp_openmp_part_2_vector_sequential,2,4,7,0.000139
tp_openmp_part_2_vector_simd,2,4,7,0.000242
tp_openmp_part_2_vector_openmp,2,4,7,0.0053
tp_openmp_part_2_vector_sequential,2,4,7,0.000139
tp_openmp_part_2_vector_simd,2,4,7,0.000221
tp_openmp_part_2_vector_openmp,4,4,7,0.145984
tp_openmp_part_2_vector_sequential,4,4,7,0.000141
tp_openmp_part_2_vector_simd,4,4,7,0.021541
tp_openmp_part_2_vector_openmp,4,4,7,0.112433
tp_openmp_part_2_vector_sequential,4,4,7,0.000148
tp_openmp_part_2_vector_simd,4,4,7,0.039834
tp_openmp_part_2_vector_openmp,4,4,7,0.036067
tp_openmp_part_2_vector_sequential,4,4,7,0.000145
tp_openmp_part_2_vector_simd,4,4,7,0.17131
tp_openmp_part_2_vector_openmp,4,4,7,0.080926
tp_openmp_part_2_vector_sequential,4,4,7,0.00014
tp_openmp_part_2_vector_simd,4,4,7,0.417347
tp_openmp_part_2_vector_openmp,4,4,7,0.293643
tp_openmp_part_2_vector_sequential,4,4,7,0.000144
tp_openmp_part_2_vector_simd,4,4,7,0.055417
tp_openmp_part_2_vector_openmp,4,4,7,0.059396
tp_openmp_part_2_vector_sequential,4,4,7,0.000143
tp_openmp_part_2_vector_simd,4,4,7,0.062028
tp_openmp_part_2_vector_openmp,4,4,7,0.044988
tp_openmp_part_2_vector_sequential,4,4,7,0.000169
tp_openmp_part_2_vector_simd,4,4,7,0.076218
tp_openmp_part_2_vector_openmp,4,4,7,0.114781
tp_openmp_part_2_vector_sequential,4,4,7,0.000141
tp_openmp_part_2_vector_simd,4,4,7,0.225701
tp_openmp_part_2_vector_openmp,4,4,7,0.004757
tp_openmp_part_2_vector_sequential,4,4,7,0.000144
tp_openmp_part_2_vector_simd,4,4,7,0.102792
tp_openmp_part_2_vector_openmp,4,4,7,0.057473
tp_openmp_part_2_vector_sequential,4,4,7,0.000143
tp_openmp_part_2_vector_simd,4,4,7,0.030772
tp_openmp_part_2_vector_openmp,8,4,7,0.027019
tp_openmp_part_2_vector_sequential,8,4,7,0.00014
tp_openmp_part_2_vector_simd,8,4,7,0.027788
tp_openmp_part_2_vector_openmp,8,4,7,0.027259
tp_openmp_part_2_vector_sequential,8,4,7,0.000141
tp_openmp_part_2_vector_simd,8,4,7,0.027965
tp_openmp_part_2_vector_openmp,8,4,7,0.01965
tp_openmp_part_2_vector_sequential,8,4,7,0.000166
tp_openmp_part_2_vector_simd,8,4,7,0.029714
tp_openmp_part_2_vector_openmp,8,4,7,0.017002
tp_openmp_part_2_vector_sequential,8,4,7,0.000142
tp_openmp_part_2_vector_simd,8,4,7,0.007033
tp_openmp_part_2_vector_openmp,8,4,7,0.014244
tp_openmp_part_2_vector_sequential,8,4,7,0.000141
tp_openmp_part_2_vector_simd,8,4,7,0.018101
tp_openmp_part_2_vector_openmp,8,4,7,0.032516
tp_openmp_part_2_vector_sequential,8,4,7,0.000141
tp_openmp_part_2_vector_simd,8,4,7,0.017787
tp_openmp_part_2_vector_openmp,8,4,7,0.016855
tp_openmp_part_2_vector_sequential,8,4,7,0.000162
tp_openmp_part_2_vector_simd,8,4,7,0.016551
tp_openmp_part_2_vector_openmp,8,4,7,0.026712
tp_openmp_part_2_vector_sequential,8,4,7,0.000161
tp_openmp_part_2_vector_simd,8,4,7,0.017211
tp_openmp_part_2_vector_openmp,8,4,7,0.027167
tp_openmp_part_2_vector_sequential,8,4,7,0.000138
tp_openmp_part_2_vector_simd,8,4,7,0.014919
tp_openmp_part_2_vector_openmp,8,4,7,0.029103
tp_openmp_part_2_vector_sequential,8,4,7,0.000142
tp_openmp_part_2_vector_simd,8,4,7,0.005067
tp_openmp_part_2_vector_openmp,16,4,7,0.014238
tp_openmp_part_2_vector_sequential,16,4,7,0.000165
tp_openmp_part_2_vector_simd,16,4,7,0.024045
tp_openmp_part_2_vector_openmp,16,4,7,0.025325
tp_openmp_part_2_vector_sequential,16,4,7,0.000143
tp_openmp_part_2_vector_simd,16,4,7,0.036136
tp_openmp_part_2_vector_openmp,16,4,7,0.025311
tp_openmp_part_2_vector_sequential,16,4,7,0.000166
tp_openmp_part_2_vector_simd,16,4,7,0.027153
tp_openmp_part_2_vector_openmp,16,4,7,0.021846
tp_openmp_part_2_vector_sequential,16,4,7,0.000138
tp_openmp_part_2_vector_simd,16,4,7,0.02758
tp_openmp_part_2_vector_openmp,16,4,7,0.031249
tp_openmp_part_2_vector_sequential,16,4,7,0.000142
tp_openmp_part_2_vector_simd,16,4,7,0.006718
tp_openmp_part_2_vector_openmp,16,4,7,0.027478
tp_openmp_part_2_vector_sequential,16,4,7,0.000461
tp_openmp_part_2_vector_simd,16,4,7,0.025165
tp_openmp_part_2_vector_openmp,16,4,7,0.024912
tp_openmp_part_2_vector_sequential,16,4,7,0.000143
tp_openmp_part_2_vector_simd,16,4,7,0.026091
tp_openmp_part_2_vector_openmp,16,4,7,0.027944
tp_openmp_part_2_vector_sequential,16,4,7,0.00017
tp_openmp_part_2_vector_simd,16,4,7,0.024305
tp_openmp_part_2_vector_openmp,16,4,7,0.027893
tp_openmp_part_2_vector_sequential,16,4,7,0.000143
tp_openmp_part_2_vector_simd,16,4,7,0.021627
tp_openmp_part_2_vector_openmp,16,4,7,0.021387
tp_openmp_part_2_vector_sequential,16,4,7,0.000158
tp_openmp_part_2_vector_simd,16,4,7,0.027134
tp_openmp_part_2_vector_openmp,32,4,7,0.043331
tp_openmp_part_2_vector_sequential,32,4,7,0.000137
tp_openmp_part_2_vector_simd,32,4,7,0.050775
tp_openmp_part_2_vector_openmp,32,4,7,0.038468
tp_openmp_part_2_vector_sequential,32,4,7,0.000173
tp_openmp_part_2_vector_simd,32,4,7,0.049145
tp_openmp_part_2_vector_openmp,32,4,7,0.055554
tp_openmp_part_2_vector_sequential,32,4,7,0.000143
tp_openmp_part_2_vector_simd,32,4,7,0.036383
tp_openmp_part_2_vector_openmp,32,4,7,0.035091
tp_openmp_part_2_vector_sequential,32,4,7,0.000142
tp_openmp_part_2_vector_simd,32,4,7,0.036042
tp_openmp_part_2_vector_openmp,32,4,7,0.035982
tp_openmp_part_2_vector_sequential,32,4,7,0.000164
tp_openmp_part_2_vector_simd,32,4,7,0.037106
tp_openmp_part_2_vector_openmp,32,4,7,0.052549
tp_openmp_part_2_vector_sequential,32,4,7,0.000149
tp_openmp_part_2_vector_simd,32,4,7,0.040646
tp_openmp_part_2_vector_openmp,32,4,7,0.024402
tp_openmp_part_2_vector_sequential,32,4,7,0.000142
tp_openmp_part_2_vector_simd,32,4,7,0.040948
tp_openmp_part_2_vector_openmp,32,4,7,0.044754
tp_openmp_part_2_vector_sequential,32,4,7,0.000141
tp_openmp_part_2_vector_simd,32,4,7,0.033268
tp_openmp_part_2_vector_openmp,32,4,7,0.035931
tp_openmp_part_2_vector_sequential,32,4,7,0.000141
tp_openmp_part_2_vector_simd,32,4,7,0.036744
tp_openmp_part_2_vector_openmp,32,4,7,0.039235
tp_openmp_part_2_vector_sequential,32,4,7,0.000172
tp_openmp_part_2_vector_simd,32,4,7,0.031512
tp_openmp_part_2_vector_openmp,64,4,7,0.070047
tp_openmp_part_2_vector_sequential,64,4,7,0.00014
tp_openmp_part_2_vector_simd,64,4,7,0.045871
tp_openmp_part_2_vector_openmp,64,4,7,0.051525
tp_openmp_part_2_vector_sequential,64,4,7,0.000187
tp_openmp_part_2_vector_simd,64,4,7,0.056915
tp_openmp_part_2_vector_openmp,64,4,7,0.064168
tp_openmp_part_2_vector_sequential,64,4,7,0.00014
tp_openmp_part_2_vector_simd,64,4,7,0.059691
tp_openmp_part_2_vector_openmp,64,4,7,0.051623
tp_openmp_part_2_vector_sequential,64,4,7,0.000138
tp_openmp_part_2_vector_simd,64,4,7,0.056893
tp_openmp_part_2_vector_openmp,64,4,7,0.082542
tp_openmp_part_2_vector_sequential,64,4,7,0.00014
tp_openmp_part_2_vector_simd,64,4,7,0.040153
tp_openmp_part_2_vector_openmp,64,4,7,0.048873
tp_openmp_part_2_vector_sequential,64,4,7,0.000145
tp_openmp_part_2_vector_simd,64,4,7,0.040611
tp_openmp_part_2_vector_openmp,64,4,7,0.052799
tp_openmp_part_2_vector_sequential,64,4,7,0.000138
tp_openmp_part_2_vector_simd,64,4,7,0.065159
tp_openmp_part_2_vector_openmp,64,4,7,0.063295
tp_openmp_part_2_vector_sequential,64,4,7,0.000142
tp_openmp_part_2_vector_simd,64,4,7,0.055079
tp_openmp_part_2_vector_openmp,64,4,7,0.049641
tp_openmp_part_2_vector_sequential,64,4,7,0.000141
tp_openmp_part_2_vector_simd,64,4,7,0.043429
tp_openmp_part_2_vector_openmp,64,4,7,0.058891
tp_openmp_part_2_vector_sequential,64,4,7,0.000144
tp_openmp_part_2_vector_simd,64,4,7,0.041852
tp_openmp_part_2_vector_openmp,1,8,1,0.049777
tp_openmp_part_2_vector_sequential,1,8,1,5.5e-05
tp_openmp_part_2_vector_simd,1,8,1,0.000376
tp_openmp_part_2_vector_openmp,1,8,1,0.035661
tp_openmp_part_2_vector_sequential,1,8,1,5.6e-05
tp_openmp_part_2_vector_simd,1,8,1,0.000383
tp_openmp_part_2_vector_openmp,1,8,1,0.045082
tp_openmp_part_2_vector_sequential,1,8,1,6e-05
tp_openmp_part_2_vector_simd,1,8,1,0.000563
tp_openmp_part_2_vector_openmp,1,8,1,0.053863
tp_openmp_part_2_vector_sequential,1,8,1,5.8e-05
tp_openmp_part_2_vector_simd,1,8,1,0.000373
tp_openmp_part_2_vector_openmp,1,8,1,0.044335
tp_openmp_part_2_vector_sequential,1,8,1,5.6e-05
tp_openmp_part_2_vector_simd,1,8,1,0.000401
tp_openmp_part_2_vector_openmp,1,8,1,0.062552
tp_openmp_part_2_vector_sequential,1,8,1,5.5e-05
tp_openmp_part_2_vector_simd,1,8,1,0.000376
tp_openmp_part_2_vector_openmp,1,8,1,0.0607
tp_openmp_part_2_vector_sequential,1,8,1,5.5e-05
tp_openmp_part_2_vector_simd,1,8,1,0.000374
tp_openmp_part_2_vector_openmp,1,8,1,0.083449
tp_openmp_part_2_vector_sequential,1,8,1,5.6e-05
tp_openmp_part_2_vector_simd,1,8,1,0.000376
tp_openmp_part_2_vector_openmp,1,8,1,0.039212
tp_openmp_part_2_vector_sequential,1,8,1,5.7e-05
tp_openmp_part_2_vector_simd,1,8,1,0.000376
tp_openmp_part_2_vector_openmp,1,8,1,0.04056
tp_openmp_part_2_vector_sequential,1,8,1,5.6e-05
tp_openmp_part_2_vector_simd,1,8,1,0.000383
tp_openmp_part_2_vector_openmp,2,8,1,0.042926
tp_openmp_part_2_vector_sequential,2,8,1,5.5e-05
tp_openmp_part_2_vector_simd,2,8,1,0.012595
tp_openmp_part_2_vector_openmp,2,8,1,0.026969
tp_openmp_part_2_vector_sequential,2,8,1,5.6e-05
tp_openmp_part_2_vector_simd,2,8,1,0.00064
tp_openmp_part_2_vector_openmp,2,8,1,0.030262
tp_openmp_part_2_vector_sequential,2,8,1,5.7e-05
tp_openmp_part_2_vector_simd,2,8,1,0.000591
tp_openmp_part_2_vector_openmp,2,8,1,0.138928
tp_openmp_part_2_vector_sequential,2,8,1,5.8e-05
tp_openmp_part_2_vector_simd,2,8,1,0.000536
tp_openmp_part_2_vector_openmp,2,8,1,0.036379
tp_openmp_part_2_vector_sequential,2,8,1,5.9e-05
tp_openmp_part_2_vector_simd,2,8,1,0.000506
tp_openmp_part_2_vector_openmp,2,8,1,0.108781
tp_openmp_part_2_vector_sequential,2,8,1,5.8e-05
tp_openmp_part_2_vector_simd,2,8,1,0.000585
tp_openmp_part_2_vector_openmp,2,8,1,0.028872
tp_openmp_part_2_vector_sequential,2,8,1,5.8e-05
tp_openmp_part_2_vector_simd,2,8,1,0.002567
tp_openmp_part_2_vector_openmp,2,8,1,0.122585
tp_openmp_part_2_vector_sequential,2,8,1,5.6e-05
tp_openmp_part_2_vector_simd,2,8,1,0.020797
tp_openmp_part_2_vector_openmp,2,8,1,0.049909
tp_openmp_part_2_vector_sequential,2,8,1,5.5e-05
tp_openmp_part_2_vector_simd,2,8,1,0.000592
tp_openmp_part_2_vector_openmp,2,8,1,0.059262
tp_openmp_part_2_vector_sequential,2,8,1,5.6e-05
tp_openmp_part_2_vector_simd,2,8,1,0.015763
tp_openmp_part_2_vector_openmp,4,8,1,0.297893
tp_openmp_part_2_vector_sequential,4,8,1,5.8e-05
tp_openmp_part_2_vector_simd,4,8,1,0.009083
tp_openmp_part_2_vector_openmp,4,8,1,0.187648
tp_openmp_part_2_vector_sequential,4,8,1,5.6e-05
tp_openmp_part_2_vector_simd,4,8,1,0.022777
tp_openmp_part_2_vector_openmp,4,8,1,0.073288
tp_openmp_part_2_vector_sequential,4,8,1,5.6e-05
tp_openmp_part_2_vector_simd,4,8,1,0.033853
tp_openmp_part_2_vector_openmp,4,8,1,0.180011
tp_openmp_part_2_vector_sequential,4,8,1,6.1e-05
tp_openmp_part_2_vector_simd,4,8,1,0.029583
tp_openmp_part_2_vector_openmp,4,8,1,0.098666
tp_openmp_part_2_vector_sequential,4,8,1,5.6e-05
tp_openmp_part_2_vector_simd,4,8,1,0.016971
tp_openmp_part_2_vector_openmp,4,8,1,0.220891
tp_openmp_part_2_vector_sequential,4,8,1,5.9e-05
tp_openmp_part_2_vector_simd,4,8,1,0.018372
tp_openmp_part_2_vector_openmp,4,8,1,0.053186
tp_openmp_part_2_vector_sequential,4,8,1,5.9e-05
tp_openmp_part_2_vector_simd,4,8,1,0.024125
tp_openmp_part_2_vector_openmp,4,8,1,0.233771
tp_openmp_part_2_vector_sequential,4,8,1,5.9e-05
tp_openmp_part_2_vector_simd,4,8,1,0.259827
tp_openmp_part_2_vector_openmp,4,8,1,0.429424
tp_openmp_part_2_vector_sequential,4,8,1,5.5e-05
tp_openmp_part_2_vector_simd,4,8,1,0.021101
tp_openmp_part_2_vector_openmp,4,8,1,0.135867
tp_openmp_part_2_vector_sequential,4,8,1,5.5e-05
tp_openmp_part_2_vector_simd,4,8,1,0.356668
tp_openmp_part_2_vector_openmp,8,8,1,0.05135
tp_openmp_part_2_vector_sequential,8,8,1,6e-05
tp_openmp_part_2_vector_simd,8,8,1,0.013468
tp_openmp_part_2_vector_openmp,8,8,1,0.046735
tp_openmp_part_2_vector_sequential,8,8,1,5.6e-05
tp_openmp_part_2_vector_simd,8,8,1,0.027069
tp_openmp_part_2_vector_openmp,8,8,1,0.052658
tp_openmp_part_2_vector_sequential,8,8,1,9.1e-05
tp_openmp_part_2_vector_simd,8,8,1,0.013239
tp_openmp_part_2_vector_openmp,8,8,1,0.062472
tp_openmp_part_2_vector_sequential,8,8,1,5.9e-05
tp_openmp_part_2_vector_simd,8,8,1,0.004314
tp_openmp_part_2_vector_openmp,8,8,1,0.041388
tp_openmp_part_2_vector_sequential,8,8,1,5.6e-05
tp_openmp_part_2_vector_simd,8,8,1,0.00395
tp_openmp_part_2_vector_openmp,8,8,1,0.052293
tp_openmp_part_2_vector_sequential,8,8,1,5.7e-05
tp_openmp_part_2_vector_simd,8,8,1,0.017377
tp_openmp_part_2_vector_openmp,8,8,1,0.048454
tp_openmp_part_2_vector_sequential,8,8,1,5.5e-05
tp_openmp_part_2_vector_simd,8,8,1,0.014412
tp_openmp_part_2_vector_openmp,8,8,1,0.04533
tp_openmp_part_2_vector_sequential,8,8,1,5.6e-05
tp_openmp_part_2_vector_simd,8,8,1,0.004763
tp_openmp_part_2_vector_openmp,8,8,1,0.062903
tp_openmp_part_2_vector_sequential,8,8,1,0.009381
tp_openmp_part_2_vector_simd,8,8,1,0.004951
tp_openmp_part_2_vector_openmp,8,8,1,0.050213
tp_openmp_part_2_vector_sequential,8,8,1,8.1e-05
tp_openmp_part_2_vector_simd,8,8,1,0.031208
tp_openmp_part_2_vector_openmp,16,8,1,0.044462
tp_openmp_part_2_vector_sequential,16,8,1,5.7e-05
tp_openmp_part_2_vector_simd,16,8,1,0.011331
tp_openmp_part_2_vector_openmp,16,8,1,0.061614
tp_openmp_part_2_vector_sequential,16,8,1,0.001226
tp_openmp_part_2_vector_simd,16,8,1,0.016155
tp_openmp_part_2_vector_openmp,16,8,1,0.06002
tp_openmp_part_2_vector_sequential,16,8,1,5.6e-05
tp_openmp_part_2_vector_simd,16,8,1,0.036643
tp_openmp_part_2_vector_openmp,16,8,1,0.048463
tp_openmp_part_2_vector_sequential,16,8,1,5.9e-05
tp_openmp_part_2_vector_simd,16,8,1,0.019279
tp_openmp_part_2_vector_openmp,16,8,1,0.062109
tp_openmp_part_2_vector_sequential,16,8,1,5.7e-05
tp_openmp_part_2_vector_simd,16,8,1,0.022732
tp_openmp_part_2_vector_openmp,16,8,1,0.068975
tp_openmp_part_2_vector_sequential,16,8,1,5.7e-05
tp_openmp_part_2_vector_simd,16,8,1,0.023968
tp_openmp_part_2_vector_openmp,16,8,1,0.059954
tp_openmp_part_2_vector_sequential,16,8,1,0.000119
tp_openmp_part_2_vector_simd,16,8,1,0.031189
tp_openmp_part_2_vector_openmp,16,8,1,0.056041
tp_openmp_part_2_vector_sequential,16,8,1,5.5e-05
tp_openmp_part_2_vector_simd,16,8,1,0.028707
tp_openmp_part_2_vector_openmp,16,8,1,0.05894
tp_openmp_part_2_vector_sequential,16,8,1,6.4e-05
tp_openmp_part_2_vector_simd,16,8,1,0.012406
tp_openmp_part_2_vector_openmp,16,8,1,0.060725
tp_openmp_part_2_vector_sequential,16,8,1,5.9e-05
tp_openmp_part_2_vector_simd,16,8,1,0.026338
tp_openmp_part_2_vector_openmp,32,8,1,0.080185
tp_openmp_part_2_vector_sequential,32,8,1,6.3e-05
tp_openmp_part_2_vector_simd,32,8,1,0.032357
tp_openmp_part_2_vector_openmp,32,8,1,0.073933
tp_openmp_part_2_vector_sequential,32,8,1,5.9e-05
tp_openmp_part_2_vector_simd,32,8,1,0.044613
tp_openmp_part_2_vector_openmp,32,8,1,0.064002
tp_openmp_part_2_vector_sequential,32,8,1,5.6e-05
tp_openmp_part_2_vector_simd,32,8,1,0.024227
tp_openmp_part_2_vector_openmp,32,8,1,0.057013
tp_openmp_part_2_vector_sequential,32,8,1,5.6e-05
tp_openmp_part_2_vector_simd,32,8,1,0.042299
tp_openmp_part_2_vector_openmp,32,8,1,0.066559
tp_openmp_part_2_vector_sequential,32,8,1,8.2e-05
tp_openmp_part_2_vector_simd,32,8,1,0.038657
tp_openmp_part_2_vector_openmp,32,8,1,0.069676
tp_openmp_part_2_vector_sequential,32,8,1,7.2e-05
tp_openmp_part_2_vector_simd,32,8,1,0.030071
tp_openmp_part_2_vector_openmp,32,8,1,0.05569
tp_openmp_part_2_vector_sequential,32,8,1,5.8e-05
tp_openmp_part_2_vector_simd,32,8,1,0.019043
tp_openmp_part_2_vector_openmp,32,8,1,0.058836
tp_openmp_part_2_vector_sequential,32,8,1,5.7e-05
tp_openmp_part_2_vector_simd,32,8,1,0.034543
tp_openmp_part_2_vector_openmp,32,8,1,0.066079
tp_openmp_part_2_vector_sequential,32,8,1,5.7e-05
tp_openmp_part_2_vector_simd,32,8,1,0.035453
tp_openmp_part_2_vector_openmp,32,8,1,0.062205
tp_openmp_part_2_vector_sequential,32,8,1,5.9e-05
tp_openmp_part_2_vector_simd,32,8,1,0.044239
tp_openmp_part_2_vector_openmp,64,8,1,0.090126
tp_openmp_part_2_vector_sequential,64,8,1,5.5e-05
tp_openmp_part_2_vector_simd,64,8,1,0.066552
tp_openmp_part_2_vector_openmp,64,8,1,0.083309
tp_openmp_part_2_vector_sequential,64,8,1,9.1e-05
tp_openmp_part_2_vector_simd,64,8,1,0.052687
tp_openmp_part_2_vector_openmp,64,8,1,0.087139
tp_openmp_part_2_vector_sequential,64,8,1,0.000232
tp_openmp_part_2_vector_simd,64,8,1,0.057918
tp_openmp_part_2_vector_openmp,64,8,1,0.093134
tp_openmp_part_2_vector_sequential,64,8,1,5.6e-05
tp_openmp_part_2_vector_simd,64,8,1,0.047395
tp_openmp_part_2_vector_openmp,64,8,1,0.074959
tp_openmp_part_2_vector_sequential,64,8,1,5.7e-05
tp_openmp_part_2_vector_simd,64,8,1,0.050295
tp_openmp_part_2_vector_openmp,64,8,1,0.074393
tp_openmp_part_2_vector_sequential,64,8,1,5.9e-05
tp_openmp_part_2_vector_simd,64,8,1,0.053805
tp_openmp_part_2_vector_openmp,64,8,1,0.08723
tp_openmp_part_2_vector_sequential,64,8,1,6.7e-05
tp_openmp_part_2_vector_simd,64,8,1,0.055744
tp_openmp_part_2_vector_openmp,64,8,1,0.089416
tp_openmp_part_2_vector_sequential,64,8,1,5.5e-05
tp_openmp_part_2_vector_simd,64,8,1,0.051622
tp_openmp_part_2_vector_openmp,64,8,1,0.089624
tp_openmp_part_2_vector_sequential,64,8,1,5.9e-05
tp_openmp_part_2_vector_simd,64,8,1,0.057967
tp_openmp_part_2_vector_openmp,64,8,1,0.086271
tp_openmp_part_2_vector_sequential,64,8,1,5.6e-05
tp_openmp_part_2_vector_simd,64,8,1,0.058563
tp_openmp_part_2_vector_openmp,1,8,3,0.047026
tp_openmp_part_2_vector_sequential,1,8,3,0.0001
tp_openmp_part_2_vector_simd,1,8,3,0.000201
tp_openmp_part_2_vector_openmp,1,8,3,0.053647
tp_openmp_part_2_vector_sequential,1,8,3,9.3e-05
tp_openmp_part_2_vector_simd,1,8,3,0.000212
tp_openmp_part_2_vector_openmp,1,8,3,0.048899
tp_openmp_part_2_vector_sequential,1,8,3,9.5e-05
tp_openmp_part_2_vector_simd,1,8,3,0.0002
tp_openmp_part_2_vector_openmp,1,8,3,0.039082
tp_openmp_part_2_vector_sequential,1,8,3,9.6e-05
tp_openmp_part_2_vector_simd,1,8,3,0.000194
tp_openmp_part_2_vector_openmp,1,8,3,0.07418
tp_openmp_part_2_vector_sequential,1,8,3,0.000117
tp_openmp_part_2_vector_simd,1,8,3,0.000198
tp_openmp_part_2_vector_openmp,1,8,3,0.053068
tp_openmp_part_2_vector_sequential,1,8,3,9.9e-05
tp_openmp_part_2_vector_simd,1,8,3,0.000201
tp_openmp_part_2_vector_openmp,1,8,3,0.037615
tp_openmp_part_2_vector_sequential,1,8,3,0.0001
tp_openmp_part_2_vector_simd,1,8,3,0.000231
tp_openmp_part_2_vector_openmp,1,8,3,0.047021
tp_openmp_part_2_vector_sequential,1,8,3,9.8e-05
tp_openmp_part_2_vector_simd,1,8,3,0.000199
tp_openmp_part_2_vector_openmp,1,8,3,0.041594
tp_openmp_part_2_vector_sequential,1,8,3,0.000104
tp_openmp_part_2_vector_simd,1,8,3,0.000259
tp_openmp_part_2_vector_openmp,1,8,3,0.046448
tp_openmp_part_2_vector_sequential,1,8,3,0.000188
tp_openmp_part_2_vector_simd,1,8,3,0.000197
tp_openmp_part_2_vector_openmp,2,8,3,0.069044
tp_openmp_part_2_vector_sequential,2,8,3,9.6e-05
tp_openmp_part_2_vector_simd,2,8,3,0.000375
tp_openmp_part_2_vector_openmp,2,8,3,0.094016
tp_openmp_part_2_vector_sequential,2,8,3,9.5e-05
tp_openmp_part_2_vector_simd,2,8,3,0.023918
tp_openmp_part_2_vector_openmp,2,8,3,0.036676
tp_openmp_part_2_vector_sequential,2,8,3,9.6e-05
tp_openmp_part_2_vector_simd,2,8,3,0.000285
tp_openmp_part_2_vector_openmp,2,8,3,0.053073
tp_openmp_part_2_vector_sequential,2,8,3,9.6e-05
tp_openmp_part_2_vector_simd,2,8,3,0.000297
tp_openmp_part_2_vector_openmp,2,8,3,0.109274
tp_openmp_part_2_vector_sequential,2,8,3,0.0001
tp_openmp_part_2_vector_simd,2,8,3,0.024914
tp_openmp_part_2_vector_openmp,2,8,3,0.072841
tp_openmp_part_2_vector_sequential,2,8,3,9.6e-05
tp_openmp_part_2_vector_simd,2,8,3,0.000333
tp_openmp_part_2_vector_openmp,2,8,3,0.045676
tp_openmp_part_2_vector_sequential,2,8,3,0.0001
tp_openmp_part_2_vector_simd,2,8,3,0.00229
tp_openmp_part_2_vector_openmp,2,8,3,0.045207
tp_openmp_part_2_vector_sequential,2,8,3,0.000105
tp_openmp_part_2_vector_simd,2,8,3,0.000295
tp_openmp_part_2_vector_openmp,2,8,3,0.035952
tp_openmp_part_2_vector_sequential,2,8,3,9.6e-05
tp_openmp_part_2_vector_simd,2,8,3,0.016697
tp_openmp_part_2_vector_openmp,2,8,3,0.049897
tp_openmp_part_2_vector_sequential,2,8,3,9.5e-05
tp_openmp_part_2_vector_simd,2,8,3,0.00033
tp_openmp_part_2_vector_openmp,4,8,3,0.115963
tp_openmp_part_2_vector_sequential,4,8,3,0.000108
tp_openmp_part_2_vector_simd,4,8,3,0.030653
tp_openmp_part_2_vector_openmp,4,8,3,0.0937
tp_openmp_part_2_vector_sequential,4,8,3,9.5e-05
tp_openmp_part_2_vector_simd,4,8,3,0.051344
tp_openmp_part_2_vector_openmp,4,8,3,0.177521
tp_openmp_part_2_vector_sequential,4,8,3,0.000165
tp_openmp_part_2_vector_simd,4,8,3,0.387838
tp_openmp_part_2_vector_openmp,4,8,3,0.217516
tp_openmp_part_2_vector_sequential,4,8,3,9.6e-05
tp_openmp_part_2_vector_simd,4,8,3,0.209364
tp_openmp_part_2_vector_openmp,4,8,3,0.208245
tp_openmp_part_2_vector_sequential,4,8,3,9.7e-05
tp_openmp_part_2_vector_simd,4,8,3,0.087993
tp_openmp_part_2_vector_openmp,4,8,3,0.274673
tp_openmp_part_2_vector_sequential,4,8,3,9.6e-05
tp_openmp_part_2_vector_simd,4,8,3,0.29421
tp_openmp_part_2_vector_openmp,4,8,3,0.409825
tp_openmp_part_2_vector_sequential,4,8,3,9.9e-05
tp_openmp_part_2_vector_simd,4,8,3,0.140043
tp_openmp_part_2_vector_openmp,4,8,3,0.068944
tp_openmp_part_2_vector_sequential,4,8,3,0.0001
tp_openmp_part_2_vector_simd,4,8,3,0.01086
tp_openmp_part_2_vector_openmp,4,8,3,0.064413
tp_openmp_part_2_vector_sequential,4,8,3,0.0001
tp_openmp_part_2_vector_simd,4,8,3,0.02322
tp_openmp_part_2_vector_openmp,4,8,3,0.188682
tp_openmp_part_2_vector_sequential,4,8,3,0.0001
tp_openmp_part_2_vector_simd,4,8,3,0.03728
tp_openmp_part_2_vector_openmp,8,8,3,0.044799
tp_openmp_part_2_vector_sequential,8,8,3,9.7e-05
tp_openmp_part_2_vector_simd,8,8,3,0.004412
tp_openmp_part_2_vector_openmp,8,8,3,0.046544
tp_openmp_part_2_vector_sequential,8,8,3,0.00015
tp_openmp_part_2_vector_simd,8,8,3,0.028251
tp_openmp_part_2_vector_openmp,8,8,3,0.051781
tp_openmp_part_2_vector_sequential,8,8,3,9.6e-05
tp_openmp_part_2_vector_simd,8,8,3,0.025178
tp_openmp_part_2_vector_openmp,8,8,3,0.056027
tp_openmp_part_2_vector_sequential,8,8,3,9.9e-05
tp_openmp_part_2_vector_simd,8,8,3,0.012725
tp_openmp_part_2_vector_openmp,8,8,3,0.049183
tp_openmp_part_2_vector_sequential,8,8,3,9.8e-05
tp_openmp_part_2_vector_simd,8,8,3,0.003912
tp_openmp_part_2_vector_openmp,8,8,3,0.065159
tp_openmp_part_2_vector_sequential,8,8,3,0.000102
tp_openmp_part_2_vector_simd,8,8,3,0.01354
tp_openmp_part_2_vector_openmp,8,8,3,0.032578
tp_openmp_part_2_vector_sequential,8,8,3,9.9e-05
tp_openmp_part_2_vector_simd,8,8,3,0.00907
tp_openmp_part_2_vector_openmp,8,8,3,0.075957
tp_openmp_part_2_vector_sequential,8,8,3,0.0001
tp_openmp_part_2_vector_simd,8,8,3,0.01324
tp_openmp_part_2_vector_openmp,8,8,3,0.047694
tp_openmp_part_2_vector_sequential,8,8,3,9.9e-05
tp_openmp_part_2_vector_simd,8,8,3,0.020649
tp_openmp_part_2_vector_openmp,8,8,3,0.068117
tp_openmp_part_2_vector_sequential,8,8,3,0.000101
tp_openmp_part_2_vector_simd,8,8,3,0.015523
tp_openmp_part_2_vector_openmp,16,8,3,0.069526
tp_openmp_part_2_vector_sequential,16,8,3,9.7e-05
tp_openmp_part_2_vector_simd,16,8,3,0.022995
tp_openmp_part_2_vector_openmp,16,8,3,0.071673
tp_openmp_part_2_vector_sequential,16,8,3,9.6e-05
tp_openmp_part_2_vector_simd,16,8,3,0.02127
tp_openmp_part_2_vector_openmp,16,8,3,0.059679
tp_openmp_part_2_vector_sequential,16,8,3,0.000112
tp_openmp_part_2_vector_simd,16,8,3,0.029837
tp_openmp_part_2_vector_openmp,16,8,3,0.05772
tp_openmp_part_2_vector_sequential,16,8,3,9.9e-05
tp_openmp_part_2_vector_simd,16,8,3,0.022678
tp_openmp_part_2_vector_openmp,16,8,3,0.040387
tp_openmp_part_2_vector_sequential,16,8,3,9.6e-05
tp_openmp_part_2_vector_simd,16,8,3,0.023268
tp_openmp_part_2_vector_openmp,16,8,3,0.060803
tp_openmp_part_2_vector_sequential,16,8,3,0.000105
tp_openmp_part_2_vector_simd,16,8,3,0.027443
tp_openmp_part_2_vector_openmp,16,8,3,0.066265
tp_openmp_part_2_vector_sequential,16,8,3,9.5e-05
tp_openmp_part_2_vector_simd,16,8,3,0.02898
tp_openmp_part_2_vector_openmp,16,8,3,0.056894
tp_openmp_part_2_vector_sequential,16,8,3,9.8e-05
tp_openmp_part_2_vector_simd,16,8,3,0.025543
tp_openmp_part_2_vector_openmp,16,8,3,0.055114
tp_openmp_part_2_vector_sequential,16,8,3,9.8e-05
tp_openmp_part_2_vector_simd,16,8,3,0.024464
tp_openmp_part_2_vector_openmp,16,8,3,0.068289
tp_openmp_part_2_vector_sequential,16,8,3,8.8e-05
tp_openmp_part_2_vector_simd,16,8,3,0.02709
tp_openmp_part_2_vector_openmp,32,8,3,0.065173
tp_openmp_part_2_vector_sequential,32,8,3,9.9e-05
tp_openmp_part_2_vector_simd,32,8,3,0.021471
tp_openmp_part_2_vector_openmp,32,8,3,0.074184
tp_openmp_part_2_vector_sequential,32,8,3,9.6e-05
tp_openmp_part_2_vector_simd,32,8,3,0.039827
tp_openmp_part_2_vector_openmp,32,8,3,0.072396
tp_openmp_part_2_vector_sequential,32,8,3,0.0001
tp_openmp_part_2_vector_simd,32,8,3,0.040124
tp_openmp_part_2_vector_openmp,32,8,3,0.05887
tp_openmp_part_2_vector_sequential,32,8,3,9.9e-05
tp_openmp_part_2_vector_simd,32,8,3,0.037603
tp_openmp_part_2_vector_openmp,32,8,3,0.084971
tp_openmp_part_2_vector_sequential,32,8,3,0.000112
tp_openmp_part_2_vector_simd,32,8,3,0.033317
tp_openmp_part_2_vector_openmp,32,8,3,0.053131
tp_openmp_part_2_vector_sequential,32,8,3,9.9e-05
tp_openmp_part_2_vector_simd,32,8,3,0.056672
tp_openmp_part_2_vector_openmp,32,8,3,0.065574
tp_openmp_part_2_vector_sequential,32,8,3,9.6e-05
tp_openmp_part_2_vector_simd,32,8,3,0.038636
tp_openmp_part_2_vector_openmp,32,8,3,0.061736
tp_openmp_part_2_vector_sequential,32,8,3,9.9e-05
tp_openmp_part_2_vector_simd,32,8,3,0.036158
tp_openmp_part_2_vector_openmp,32,8,3,0.072542
tp_openmp_part_2_vector_sequential,32,8,3,9.5e-05
tp_openmp_part_2_vector_simd,32,8,3,0.040744
tp_openmp_part_2_vector_openmp,32,8,3,0.055172
tp_openmp_part_2_vector_sequential,32,8,3,9.6e-05
tp_openmp_part_2_vector_simd,32,8,3,0.025726
tp_openmp_part_2_vector_openmp,64,8,3,0.077765
tp_openmp_part_2_vector_sequential,64,8,3,9.7e-05
tp_openmp_part_2_vector_simd,64,8,3,0.058984
tp_openmp_part_2_vector_openmp,64,8,3,0.103334
tp_openmp_part_2_vector_sequential,64,8,3,0.000102
tp_openmp_part_2_vector_simd,64,8,3,0.059381
tp_openmp_part_2_vector_openmp,64,8,3,0.105077
tp_openmp_part_2_vector_sequential,64,8,3,0.000108
tp_openmp_part_2_vector_simd,64,8,3,0.047315
tp_openmp_part_2_vector_openmp,64,8,3,0.089769
tp_openmp_part_2_vector_sequential,64,8,3,9.7e-05
tp_openmp_part_2_vector_simd,64,8,3,0.053242
tp_openmp_part_2_vector_openmp,64,8,3,0.078015
tp_openmp_part_2_vector_sequential,64,8,3,0.000102
tp_openmp_part_2_vector_simd,64,8,3,0.053939
tp_openmp_part_2_vector_openmp,64,8,3,0.078191
tp_openmp_part_2_vector_sequential,64,8,3,0.000135
tp_openmp_part_2_vector_simd,64,8,3,0.061548
tp_openmp_part_2_vector_openmp,64,8,3,0.069348
tp_openmp_part_2_vector_sequential,64,8,3,9.5e-05
tp_openmp_part_2_vector_simd,64,8,3,0.044755
tp_openmp_part_2_vector_openmp,64,8,3,0.075875
tp_openmp_part_2_vector_sequential,64,8,3,9.5e-05
tp_openmp_part_2_vector_simd,64,8,3,0.042419
tp_openmp_part_2_vector_openmp,64,8,3,0.091198
tp_openmp_part_2_vector_sequential,64,8,3,0.000121
tp_openmp_part_2_vector_simd,64,8,3,0.059721
tp_openmp_part_2_vector_openmp,64,8,3,0.083405
tp_openmp_part_2_vector_sequential,64,8,3,9.5e-05
tp_openmp_part_2_vector_simd,64,8,3,0.05688
tp_openmp_part_2_vector_openmp,1,8,7,0.046954
tp_openmp_part_2_vector_sequential,1,8,7,0.002496
tp_openmp_part_2_vector_simd,1,8,7,0.00073
tp_openmp_part_2_vector_openmp,1,8,7,0.049708
tp_openmp_part_2_vector_sequential,1,8,7,0.013631
tp_openmp_part_2_vector_simd,1,8,7,0.000697
tp_openmp_part_2_vector_openmp,1,8,7,0.06014
tp_openmp_part_2_vector_sequential,1,8,7,0.00233
tp_openmp_part_2_vector_simd,1,8,7,0.010022
tp_openmp_part_2_vector_openmp,1,8,7,0.062112
tp_openmp_part_2_vector_sequential,1,8,7,0.00343
tp_openmp_part_2_vector_simd,1,8,7,0.00069
tp_openmp_part_2_vector_openmp,1,8,7,0.045383
tp_openmp_part_2_vector_sequential,1,8,7,0.002456
tp_openmp_part_2_vector_simd,1,8,7,0.000728
tp_openmp_part_2_vector_openmp,1,8,7,0.06752
tp_openmp_part_2_vector_sequential,1,8,7,0.00375
tp_openmp_part_2_vector_simd,1,8,7,0.000714
tp_openmp_part_2_vector_openmp,1,8,7,0.094133
tp_openmp_part_2_vector_sequential,1,8,7,0.002238
tp_openmp_part_2_vector_simd,1,8,7,0.000779
tp_openmp_part_2_vector_openmp,1,8,7,0.073848
tp_openmp_part_2_vector_sequential,1,8,7,0.002272
tp_openmp_part_2_vector_simd,1,8,7,0.00073
tp_openmp_part_2_vector_openmp,1,8,7,0.044802
tp_openmp_part_2_vector_sequential,1,8,7,0.002576
tp_openmp_part_2_vector_simd,1,8,7,0.000736
tp_openmp_part_2_vector_openmp,1,8,7,0.060764
tp_openmp_part_2_vector_sequential,1,8,7,0.00224
tp_openmp_part_2_vector_simd,1,8,7,0.000691
tp_openmp_part_2_vector_openmp,2,8,7,0.070531
tp_openmp_part_2_vector_sequential,2,8,7,0.002347
tp_openmp_part_2_vector_simd,2,8,7,0.007311
tp_openmp_part_2_vector_openmp,2,8,7,0.106598
tp_openmp_part_2_vector_sequential,2,8,7,0.00234
tp_openmp_part_2_vector_simd,2,8,7,0.070436
tp_openmp_part_2_vector_openmp,2,8,7,0.035615
tp_openmp_part_2_vector_sequential,2,8,7,0.002388
tp_openmp_part_2_vector_simd,2,8,7,0.010523
tp_openmp_part_2_vector_openmp,2,8,7,0.11865
tp_openmp_part_2_vector_sequential,2,8,7,0.00345
tp_openmp_part_2_vector_simd,2,8,7,0.000599
tp_openmp_part_2_vector_openmp,2,8,7,0.073777
tp_openmp_part_2_vector_sequential,2,8,7,0.002504
tp_openmp_part_2_vector_simd,2,8,7,0.000942
tp_openmp_part_2_vector_openmp,2,8,7,0.07771
tp_openmp_part_2_vector_sequential,2,8,7,0.002634
tp_openmp_part_2_vector_simd,2,8,7,0.000558
tp_openmp_part_2_vector_openmp,2,8,7,0.057742
tp_openmp_part_2_vector_sequential,2,8,7,0.009834
tp_openmp_part_2_vector_simd,2,8,7,0.000843
tp_openmp_part_2_vector_openmp,2,8,7,0.094639
tp_openmp_part_2_vector_sequential,2,8,7,0.002387
tp_openmp_part_2_vector_simd,2,8,7,0.000728
tp_openmp_part_2_vector_openmp,2,8,7,0.055805
tp_openmp_part_2_vector_sequential,2,8,7,0.002435
tp_openmp_part_2_vector_simd,2,8,7,0.003689
tp_openmp_part_2_vector_openmp,2,8,7,0.147557
tp_openmp_part_2_vector_sequential,2,8,7,0.002365
tp_openmp_part_2_vector_simd,2,8,7,0.013537
tp_openmp_part_2_vector_openmp,4,8,7,0.429635
tp_openmp_part_2_vector_sequential,4,8,7,0.002539
tp_openmp_part_2_vector_simd,4,8,7,0.001186
tp_openmp_part_2_vector_openmp,4,8,7,0.108867
tp_openmp_part_2_vector_sequential,4,8,7,0.002277
tp_openmp_part_2_vector_simd,4,8,7,0.027271
tp_openmp_part_2_vector_openmp,4,8,7,0.285363
tp_openmp_part_2_vector_sequential,4,8,7,0.002441
tp_openmp_part_2_vector_simd,4,8,7,0.011613
tp_openmp_part_2_vector_openmp,4,8,7,0.056536
tp_openmp_part_2_vector_sequential,4,8,7,0.003158
tp_openmp_part_2_vector_simd,4,8,7,0.048307
tp_openmp_part_2_vector_openmp,4,8,7,0.219126
tp_openmp_part_2_vector_sequential,4,8,7,0.004001
tp_openmp_part_2_vector_simd,4,8,7,0.017974
tp_openmp_part_2_vector_openmp,4,8,7,0.294467
tp_openmp_part_2_vector_sequential,4,8,7,0.006971
tp_openmp_part_2_vector_simd,4,8,7,0.056124
tp_openmp_part_2_vector_openmp,4,8,7,0.10839
tp_openmp_part_2_vector_sequential,4,8,7,0.003592
tp_openmp_part_2_vector_simd,4,8,7,0.015115
tp_openmp_part_2_vector_openmp,4,8,7,0.275026
tp_openmp_part_2_vector_sequential,4,8,7,0.002242
tp_openmp_part_2_vector_simd,4,8,7,0.001012
tp_openmp_part_2_vector_openmp,4,8,7,0.354041
tp_openmp_part_2_vector_sequential,4,8,7,0.002269
tp_openmp_part_2_vector_simd,4,8,7,0.061147
tp_openmp_part_2_vector_openmp,4,8,7,0.506002
tp_openmp_part_2_vector_sequential,4,8,7,0.002294
tp_openmp_part_2_vector_simd,4,8,7,0.146319
tp_openmp_part_2_vector_openmp,8,8,7,0.063396
tp_openmp_part_2_vector_sequential,8,8,7,0.002378
tp_openmp_part_2_vector_simd,8,8,7,0.014665
tp_openmp_part_2_vector_openmp,8,8,7,0.057953
tp_openmp_part_2_vector_sequential,8,8,7,0.004775
tp_openmp_part_2_vector_simd,8,8,7,0.014454
tp_openmp_part_2_vector_openmp,8,8,7,0.045419
tp_openmp_part_2_vector_sequential,8,8,7,0.008282
tp_openmp_part_2_vector_simd,8,8,7,0.015125
tp_openmp_part_2_vector_openmp,8,8,7,0.054274
tp_openmp_part_2_vector_sequential,8,8,7,0.002289
tp_openmp_part_2_vector_simd,8,8,7,0.020944
tp_openmp_part_2_vector_openmp,8,8,7,0.050522
tp_openmp_part_2_vector_sequential,8,8,7,0.003464
tp_openmp_part_2_vector_simd,8,8,7,0.015574
tp_openmp_part_2_vector_openmp,8,8,7,0.047328
tp_openmp_part_2_vector_sequential,8,8,7,0.002287
tp_openmp_part_2_vector_simd,8,8,7,0.013878
tp_openmp_part_2_vector_openmp,8,8,7,0.06342
tp_openmp_part_2_vector_sequential,8,8,7,0.002214
tp_openmp_part_2_vector_simd,8,8,7,0.012544
tp_openmp_part_2_vector_openmp,8,8,7,0.063413
tp_openmp_part_2_vector_sequential,8,8,7,0.002234
tp_openmp_part_2_vector_simd,8,8,7,0.023102
tp_openmp_part_2_vector_openmp,8,8,7,0.078537
tp_openmp_part_2_vector_sequential,8,8,7,0.002358
tp_openmp_part_2_vector_simd,8,8,7,0.017518
tp_openmp_part_2_vector_openmp,8,8,7,0.068611
tp_openmp_part_2_vector_sequential,8,8,7,0.002343
tp_openmp_part_2_vector_simd,8,8,7,0.018553
tp_openmp_part_2_vector_openmp,16,8,7,0.072035
tp_openmp_part_2_vector_sequential,16,8,7,0.002328
tp_openmp_part_2_vector_simd,16,8,7,0.044038
tp_openmp_part_2_vector_openmp,16,8,7,0.066098
tp_openmp_part_2_vector_sequential,16,8,7,0.003065
tp_openmp_part_2_vector_simd,16,8,7,0.051385
tp_openmp_part_2_vector_openmp,16,8,7,0.059431
tp_openmp_part_2_vector_sequential,16,8,7,0.003168
tp_openmp_part_2_vector_simd,16,8,7,0.007131
tp_openmp_part_2_vector_openmp,16,8,7,0.046821
tp_openmp_part_2_vector_sequential,16,8,7,0.002288
tp_openmp_part_2_vector_simd,16,8,7,0.05528
tp_openmp_part_2_vector_openmp,16,8,7,0.076914
tp_openmp_part_2_vector_sequential,16,8,7,0.006445
tp_openmp_part_2_vector_simd,16,8,7,0.015882
tp_openmp_part_2_vector_openmp,16,8,7,0.05881
tp_openmp_part_2_vector_sequential,16,8,7,0.002209
tp_openmp_part_2_vector_simd,16,8,7,0.013545
tp_openmp_part_2_vector_openmp,16,8,7,0.062552
tp_openmp_part_2_vector_sequential,16,8,7,0.003864
tp_openmp_part_2_vector_simd,16,8,7,0.020457
tp_openmp_part_2_vector_openmp,16,8,7,0.070065
tp_openmp_part_2_vector_sequential,16,8,7,0.002224
tp_openmp_part_2_vector_simd,16,8,7,0.016968
tp_openmp_part_2_vector_openmp,16,8,7,0.071639
tp_openmp_part_2_vector_sequential,16,8,7,0.002351
tp_openmp_part_2_vector_simd,16,8,7,0.029244
tp_openmp_part_2_vector_openmp,16,8,7,0.061325
tp_openmp_part_2_vector_sequential,16,8,7,0.00235
tp_openmp_part_2_vector_simd,16,8,7,0.030184
tp_openmp_part_2_vector_openmp,32,8,7,0.081314
tp_openmp_part_2_vector_sequential,32,8,7,0.00637
tp_openmp_part_2_vector_simd,32,8,7,0.037726
tp_openmp_part_2_vector_openmp,32,8,7,0.061608
tp_openmp_part_2_vector_sequential,32,8,7,0.00221
tp_openmp_part_2_vector_simd,32,8,7,0.031726
tp_openmp_part_2_vector_openmp,32,8,7,0.109422
tp_openmp_part_2_vector_sequential,32,8,7,0.009781
tp_openmp_part_2_vector_simd,32,8,7,0.033336
tp_openmp_part_2_vector_openmp,32,8,7,0.078397
tp_openmp_part_2_vector_sequential,32,8,7,0.002335
tp_openmp_part_2_vector_simd,32,8,7,0.02146
tp_openmp_part_2_vector_openmp,32,8,7,0.052179
tp_openmp_part_2_vector_sequential,32,8,7,0.002338
tp_openmp_part_2_vector_simd,32,8,7,0.036813
tp_openmp_part_2_vector_openmp,32,8,7,0.082342
tp_openmp_part_2_vector_sequential,32,8,7,0.00229
tp_openmp_part_2_vector_simd,32,8,7,0.034521
tp_openmp_part_2_vector_openmp,32,8,7,0.076557
tp_openmp_part_2_vector_sequential,32,8,7,0.002204
tp_openmp_part_2_vector_simd,32,8,7,0.037012
tp_openmp_part_2_vector_openmp,32,8,7,0.073782
tp_openmp_part_2_vector_sequential,32,8,7,0.004274
tp_openmp_part_2_vector_simd,32,8,7,0.033397
tp_openmp_part_2_vector_openmp,32,8,7,0.074549
tp_openmp_part_2_vector_sequential,32,8,7,0.002258
tp_openmp_part_2_vector_simd,32,8,7,0.041141
tp_openmp_part_2_vector_openmp,32,8,7,0.09506
tp_openmp_part_2_vector_sequential,32,8,7,0.003734
tp_openmp_part_2_vector_simd,32,8,7,0.036507
tp_openmp_part_2_vector_openmp,64,8,7,0.08614
tp_openmp_part_2_vector_sequential,64,8,7,0.002464
tp_openmp_part_2_vector_simd,64,8,7,0.063998
tp_openmp_part_2_vector_openmp,64,8,7,0.08266
tp_openmp_part_2_vector_sequential,64,8,7,0.002338
tp_openmp_part_2_vector_simd,64,8,7,0.062252
tp_openmp_part_2_vector_openmp,64,8,7,0.077339
tp_openmp_part_2_vector_sequential,64,8,7,0.002297
tp_openmp_part_2_vector_simd,64,8,7,0.040344
tp_openmp_part_2_vector_openmp,64,8,7,0.075663
tp_openmp_part_2_vector_sequential,64,8,7,0.002249
tp_openmp_part_2_vector_simd,64,8,7,0.06596
tp_openmp_part_2_vector_openmp,64,8,7,0.083475
tp_openmp_part_2_vector_sequential,64,8,7,0.004005
tp_openmp_part_2_vector_simd,64,8,7,0.055035
tp_openmp_part_2_vector_openmp,64,8,7,0.083161
tp_openmp_part_2_vector_sequential,64,8,7,0.002608
tp_openmp_part_2_vector_simd,64,8,7,0.063725
tp_openmp_part_2_vector_openmp,64,8,7,0.095798
tp_openmp_part_2_vector_sequential,64,8,7,0.00286
tp_openmp_part_2_vector_simd,64,8,7,0.056361
tp_openmp_part_2_vector_openmp,64,8,7,0.082996
tp_openmp_part_2_vector_sequential,64,8,7,0.022025
tp_openmp_part_2_vector_simd,64,8,7,0.066123
tp_openmp_part_2_vector_openmp,64,8,7,0.093258
tp_openmp_part_2_vector_sequential,64,8,7,0.003099
tp_openmp_part_2_vector_simd,64,8,7,0.03906
tp_openmp_part_2_vector_openmp,64,8,7,0.102069
tp_openmp_part_2_vector_sequential,64,8,7,0.002455
tp_openmp_part_2_vector_simd,64,8,7,0.061488
